ASV_ID,Kingdom,Phylum,Class,Order,Family,Genus,Species
ASV_1,Bacteria,Pseudomonadota,Alphaproteobacteria,Acetobacterales,Acetobacteraceae,NA,NA
ASV_2,Bacteria,Pseudomonadota,Gammaproteobacteria,Burkholderiales,Neisseriaceae,Snodgrassella,NA
ASV_3,Bacteria,Pseudomonadota,Alphaproteobacteria,Acetobacterales,Acetobacteraceae,Commensalibacter,NA
ASV_4,Bacteria,Bacillota,Bacilli,Lactobacillales,Lactobacillaceae,Lactobacillus,NA
ASV_5,Bacteria,Bacillota,Bacilli,Lactobacillales,Lactobacillaceae,Lactobacillus,NA
ASV_6,Bacteria,Pseudomonadota,Gammaproteobacteria,Burkholderiales,Neisseriaceae,NA,NA
ASV_7,Bacteria,Bacillota,Bacilli,Lactobacillales,Lactobacillaceae,Lactobacillus,NA
ASV_8,Bacteria,Pseudomonadota,Alphaproteobacteria,Acetobacterales,Acetobacteraceae,Swingsia,NA
ASV_9,Bacteria,Bacillota,Bacilli,Lactobacillales,Lactobacillaceae,Lactobacillus,NA
ASV_10,Bacteria,Bacillota,Bacilli,Lactobacillales,Lactobacillaceae,Lactobacillus,NA
ASV_11,Bacteria,Bacillota,Bacilli,Lactobacillales,Lactobacillaceae,Weissella,NA
ASV_12,Bacteria,Bacillota,Bacilli,Lactobacillales,Streptococcaceae,Floricoccus,NA
ASV_13,Bacteria,Pseudomonadota,Alphaproteobacteria,Acetobacterales,Acetobacteraceae,Bombella,NA
ASV_14,Bacteria,Bacillota,Bacilli,Lactobacillales,Lactobacillaceae,NA,NA
ASV_15,Bacteria,Pseudomonadota,Gammaproteobacteria,Burkholderiales,Neisseriaceae,NA,NA
ASV_16,Bacteria,Bacillota,Bacilli,Lactobacillales,Lactobacillaceae,NA,NA
ASV_17,Bacteria,Bacillota,Bacilli,Lactobacillales,Lactobacillaceae,NA,NA
ASV_18,Bacteria,Pseudomonadota,Gammaproteobacteria,Burkholderiales,Neisseriaceae,Snodgrassella,NA
ASV_19,Bacteria,Pseudomonadota,Alphaproteobacteria,Acetobacterales,Acetobacteraceae,Commensalibacter,NA
ASV_20,Bacteria,Bacillota,Bacilli,Lactobacillales,Lactobacillaceae,NA,NA
ASV_21,Bacteria,Bacillota,Bacilli,Lactobacillales,Lactobacillaceae,NA,NA
ASV_22,Bacteria,Pseudomonadota,Alphaproteobacteria,Acetobacterales,Acetobacteraceae,Bombella,NA
ASV_23,Bacteria,Pseudomonadota,Gammaproteobacteria,Burkholderiales,Neisseriaceae,NA,NA
ASV_24,Bacteria,Pseudomonadota,Alphaproteobacteria,Acetobacterales,Acetobacteraceae,Commensalibacter,NA
ASV_26,Bacteria,Bacillota,Negativicutes,Veillonellales-Selenomonadales,Selenomonadaceae,Pectinatus,NA
ASV_27,Bacteria,Pseudomonadota,Gammaproteobacteria,Enterobacterales,Erwiniaceae,NA,NA
ASV_28,Bacteria,Bacillota,Bacilli,Lactobacillales,Lactobacillaceae,Ligilactobacillus,NA
ASV_29,Bacteria,Pseudomonadota,Alphaproteobacteria,Acetobacterales,Acetobacteraceae,NA,NA
ASV_30,Bacteria,Pseudomonadota,Alphaproteobacteria,Acetobacterales,Acetobacteraceae,Commensalibacter,NA
ASV_31,Bacteria,Pseudomonadota,Alphaproteobacteria,Acetobacterales,Acetobacteraceae,Bombella,NA
ASV_32,Bacteria,Pseudomonadota,Gammaproteobacteria,Burkholderiales,Neisseriaceae,NA,NA
ASV_33,Bacteria,Pseudomonadota,Gammaproteobacteria,Burkholderiales,Neisseriaceae,NA,NA
ASV_34,Bacteria,Bacillota,Bacilli,Lactobacillales,Lactobacillaceae,Lactobacillus,NA
ASV_35,Bacteria,Bacillota,Bacilli,Lactobacillales,Lactobacillaceae,Bombilactobacillus,NA
ASV_36,Bacteria,Actinomycetota,Actinobacteria,Bifidobacteriales,Bifidobacteriaceae,Bifidobacterium,NA
ASV_37,Bacteria,Bacillota,Bacilli,Lactobacillales,Lactobacillaceae,Weissella,NA
ASV_38,Bacteria,Actinomycetota,Actinobacteria,Bifidobacteriales,Bifidobacteriaceae,Bifidobacterium,commune
ASV_39,Bacteria,Bacillota,Bacilli,Lactobacillales,Lactobacillaceae,Fructobacillus,tropaeoli
ASV_40,Bacteria,Pseudomonadota,Gammaproteobacteria,Enterobacterales,Enterobacteriaceae,Lelliottia,NA
ASV_41,Bacteria,Pseudomonadota,Alphaproteobacteria,Acetobacterales,Acetobacteraceae,Bombella,NA
ASV_42,Bacteria,Bacillota,Bacilli,Lactobacillales,Lactobacillaceae,Lactobacillus,NA
ASV_43,Bacteria,Bacillota,Bacilli,Lactobacillales,Lactobacillaceae,Apilactobacillus,NA
ASV_44,Bacteria,Pseudomonadota,Alphaproteobacteria,Acetobacterales,Acetobacteraceae,Commensalibacter,NA
ASV_45,Bacteria,Bacillota,Bacilli,Lactobacillales,Lactobacillaceae,Lactobacillus,NA
ASV_46,Bacteria,Bacillota,Bacilli,Lactobacillales,Lactobacillaceae,NA,NA
ASV_47,Bacteria,Bacillota,Bacilli,Lactobacillales,Lactobacillaceae,NA,NA
ASV_48,Bacteria,Pseudomonadota,Alphaproteobacteria,Acetobacterales,Acetobacteraceae,NA,NA
ASV_49,Bacteria,Pseudomonadota,Alphaproteobacteria,Acetobacterales,Acetobacteraceae,NA,NA
ASV_50,Bacteria,Pseudomonadota,Alphaproteobacteria,Acetobacterales,Acetobacteraceae,Commensalibacter,NA
ASV_51,Bacteria,Pseudomonadota,Alphaproteobacteria,Acetobacterales,Acetobacteraceae,NA,NA
ASV_52,Bacteria,Bacillota,Bacilli,Lactobacillales,Lactobacillaceae,Fructobacillus,NA
ASV_53,Bacteria,Pseudomonadota,Gammaproteobacteria,Burkholderiales,Neisseriaceae,NA,NA
ASV_55,Bacteria,Pseudomonadota,Gammaproteobacteria,Enterobacterales,Erwiniaceae,NA,NA
ASV_56,Bacteria,Pseudomonadota,Alphaproteobacteria,Acetobacterales,Acetobacteraceae,Bombella,NA
ASV_57,Bacteria,Bacillota,Bacilli,Lactobacillales,Lactobacillaceae,NA,NA
ASV_58,Bacteria,Pseudomonadota,Alphaproteobacteria,Acetobacterales,Acetobacteraceae,Bombella,NA
ASV_59,Bacteria,Pseudomonadota,Alphaproteobacteria,Acetobacterales,Acetobacteraceae,NA,NA
ASV_60,Bacteria,Bacillota,Bacilli,Lactobacillales,Lactobacillaceae,Bombilactobacillus,NA
ASV_61,Bacteria,Bacillota,Bacilli,Lactobacillales,Lactobacillaceae,Leuconostoc,NA
ASV_62,Bacteria,Bacillota,Negativicutes,Veillonellales-Selenomonadales,Selenomonadaceae,Pectinatus,NA
ASV_63,Bacteria,Pseudomonadota,Alphaproteobacteria,Acetobacterales,Acetobacteraceae,NA,NA
ASV_64,Bacteria,Bacillota,Bacilli,Lactobacillales,Lactobacillaceae,Lactobacillus,NA
ASV_66,Bacteria,Pseudomonadota,Alphaproteobacteria,Acetobacterales,Acetobacteraceae,Commensalibacter,NA
ASV_67,Bacteria,Pseudomonadota,Gammaproteobacteria,Enterobacterales,Orbaceae,NA,NA
ASV_68,Bacteria,Bacillota,Negativicutes,Veillonellales-Selenomonadales,Selenomonadaceae,Pectinatus,NA
ASV_73,Bacteria,Bacillota,Bacilli,Lactobacillales,Lactobacillaceae,Lactobacillus,NA
ASV_74,Bacteria,Bacillota,Bacilli,Lactobacillales,Lactobacillaceae,Bombilactobacillus,NA
ASV_75,Bacteria,Bacillota,Bacilli,Lactobacillales,Lactobacillaceae,Lactobacillus,NA
ASV_76,Bacteria,Bacillota,Bacilli,Lactobacillales,Lactobacillaceae,Lactobacillus,NA
ASV_77,Bacteria,Bacillota,Negativicutes,Veillonellales-Selenomonadales,Selenomonadaceae,Pectinatus,NA
ASV_78,Bacteria,Pseudomonadota,Gammaproteobacteria,Enterobacterales,Erwiniaceae,Rosenbergiella,NA
ASV_80,Bacteria,Bacillota,Bacilli,Lactobacillales,Streptococcaceae,Floricoccus,NA
ASV_82,Bacteria,Bacillota,Bacilli,Lactobacillales,Lactobacillaceae,Bombilactobacillus,NA
ASV_83,Bacteria,Bacillota,Bacilli,Lactobacillales,Lactobacillaceae,NA,NA
ASV_84,Bacteria,Pseudomonadota,Alphaproteobacteria,Acetobacterales,Acetobacteraceae,Asaia,NA
ASV_85,Bacteria,Pseudomonadota,Alphaproteobacteria,Acetobacterales,Acetobacteraceae,Bombella,NA
ASV_86,Bacteria,Bacillota,Bacilli,Lactobacillales,Enterococcaceae,Enterococcus,NA
ASV_87,Bacteria,Bacillota,Bacilli,Lactobacillales,Lactobacillaceae,NA,NA
ASV_88,Bacteria,Bacteroidota,Bacteroidia,Bacteroidales,Prevotellaceae,NA,NA
ASV_89,Bacteria,Pseudomonadota,Alphaproteobacteria,Acetobacterales,Acetobacteraceae,Commensalibacter,NA
ASV_90,Bacteria,Bacillota,Bacilli,Lactobacillales,Lactobacillaceae,Leuconostoc,NA
ASV_91,Bacteria,Pseudomonadota,Alphaproteobacteria,Acetobacterales,Acetobacteraceae,Commensalibacter,NA
ASV_92,Bacteria,Bacillota,Bacilli,Lactobacillales,Lactobacillaceae,NA,NA
ASV_93,Bacteria,Bacillota,Bacilli,Lactobacillales,Lactobacillaceae,Bombilactobacillus,NA
ASV_94,Bacteria,Bacillota,Bacilli,Lactobacillales,Lactobacillaceae,NA,NA
ASV_95,Bacteria,Bacillota,Bacilli,Lactobacillales,Lactobacillaceae,Lactobacillus,NA
ASV_96,Bacteria,Bacillota,Bacilli,Lactobacillales,Lactobacillaceae,Dellaglioa,NA
ASV_97,Bacteria,Bacillota,Bacilli,Lactobacillales,Lactobacillaceae,NA,NA
ASV_98,Bacteria,Pseudomonadota,Gammaproteobacteria,Burkholderiales,Neisseriaceae,Snodgrassella,NA
ASV_99,Bacteria,Bacillota,Bacilli,Lactobacillales,Lactobacillaceae,NA,NA
ASV_100,Bacteria,Pseudomonadota,Alphaproteobacteria,Acetobacterales,Acetobacteraceae,Bombella,NA
ASV_101,Bacteria,Pseudomonadota,Alphaproteobacteria,Acetobacterales,Acetobacteraceae,NA,NA
ASV_102,Bacteria,Bacillota,Bacilli,Lactobacillales,Lactobacillaceae,Dellaglioa,NA
ASV_103,Bacteria,Actinomycetota,Actinobacteria,Bifidobacteriales,Bifidobacteriaceae,Bifidobacterium,NA
ASV_104,Bacteria,Bacillota,Bacilli,Lactobacillales,Lactobacillaceae,NA,NA
ASV_105,Bacteria,Bacillota,Bacilli,Lactobacillales,Lactobacillaceae,NA,NA
ASV_106,Bacteria,Bacillota,Bacilli,Lactobacillales,Streptococcaceae,Floricoccus,NA
ASV_107,Bacteria,Pseudomonadota,Gammaproteobacteria,Pseudomonadales,Halomonadaceae,Zymobacter,palmae
ASV_108,Bacteria,Pseudomonadota,Gammaproteobacteria,Pseudomonadales,Moraxellaceae,Acinetobacter,nectaris
ASV_109,Bacteria,Bacillota,Bacilli,Lactobacillales,Lactobacillaceae,Ligilactobacillus,NA
ASV_110,Bacteria,Bacillota,Bacilli,Lactobacillales,Lactobacillaceae,Dellaglioa,NA
ASV_111,Bacteria,Bacteroidota,Bacteroidia,Bacteroidales,Prevotellaceae,NA,NA
ASV_113,Bacteria,Bacillota,Bacilli,Lactobacillales,Lactobacillaceae,NA,NA
ASV_114,Bacteria,Bacillota,Bacilli,Lactobacillales,Lactobacillaceae,NA,NA
ASV_115,Bacteria,Bacillota,Bacilli,Lactobacillales,Lactobacillaceae,NA,NA
ASV_116,Bacteria,Bacteroidota,Bacteroidia,Bacteroidales,Prevotellaceae,NA,NA
ASV_117,Bacteria,Bacillota,Bacilli,Lactobacillales,Lactobacillaceae,Lactobacillus,NA
ASV_118,Bacteria,Pseudomonadota,Alphaproteobacteria,Acetobacterales,Acetobacteraceae,Commensalibacter,NA
ASV_120,Bacteria,Pseudomonadota,Gammaproteobacteria,Pseudomonadales,Moraxellaceae,Acinetobacter,apis
ASV_121,Bacteria,Bacteroidota,Bacteroidia,Bacteroidales,Prevotellaceae,NA,NA
ASV_122,Bacteria,Bacillota,Bacilli,Lactobacillales,Lactobacillaceae,NA,NA
ASV_123,Bacteria,Bacillota,Bacilli,Lactobacillales,Lactobacillaceae,Lactobacillus,NA
ASV_124,Bacteria,Bacillota,Bacilli,Lactobacillales,Lactobacillaceae,Dellaglioa,NA
ASV_125,Bacteria,Bacillota,Bacilli,Lactobacillales,Lactobacillaceae,Bombilactobacillus,NA
ASV_126,Bacteria,Bacillota,Bacilli,Lactobacillales,Lactobacillaceae,NA,NA
ASV_127,Bacteria,Pseudomonadota,Gammaproteobacteria,Enterobacterales,Orbaceae,NA,NA
ASV_128,Bacteria,Pseudomonadota,Gammaproteobacteria,Enterobacterales,NA,NA,NA
ASV_129,Bacteria,Pseudomonadota,Gammaproteobacteria,Burkholderiales,Alcaligenaceae,Candidatus Kinetoplastibacterium,NA
ASV_130,Bacteria,Bacteroidota,Bacteroidia,Bacteroidales,Dysgonomonadaceae,Dysgonomonas,NA
ASV_131,Bacteria,Bacteroidota,Bacteroidia,Bacteroidales,Prevotellaceae,NA,NA
ASV_132,Bacteria,Pseudomonadota,Alphaproteobacteria,Acetobacterales,Acetobacteraceae,Bombella,NA
ASV_133,Bacteria,Bacteroidota,Bacteroidia,Bacteroidales,Prevotellaceae,NA,NA
ASV_134,Bacteria,Bacillota,Bacilli,Lactobacillales,Lactobacillaceae,Lactobacillus,NA
ASV_135,Bacteria,Pseudomonadota,Gammaproteobacteria,Enterobacterales,Orbaceae,NA,NA
ASV_137,Bacteria,Bacillota,Bacilli,Lactobacillales,Lactobacillaceae,NA,NA
ASV_138,Bacteria,Pseudomonadota,Alphaproteobacteria,Acetobacterales,Acetobacteraceae,Bombella,NA
ASV_139,Bacteria,Pseudomonadota,Gammaproteobacteria,Enterobacterales,Pectobacteriaceae,Lonsdalea,NA
ASV_140,Bacteria,Bacteroidota,Bacteroidia,Flavobacteriales,Weeksellaceae,Apibacter,NA
ASV_142,Bacteria,Pseudomonadota,Alphaproteobacteria,Acetobacterales,Acetobacteraceae,NA,NA
ASV_143,Bacteria,Pseudomonadota,Gammaproteobacteria,Enterobacterales,Orbaceae,NA,NA
ASV_144,Bacteria,Bacillota,Bacilli,Lactobacillales,Lactobacillaceae,NA,NA
ASV_145,Bacteria,Bacillota,Bacilli,Lactobacillales,Lactobacillaceae,Apilactobacillus,NA
ASV_146,Bacteria,Bacillota,Bacilli,Lactobacillales,Lactobacillaceae,NA,NA
ASV_149,Bacteria,Bacillota,Bacilli,Lactobacillales,Lactobacillaceae,NA,NA
ASV_150,Bacteria,Bacillota,Bacilli,Lactobacillales,Lactobacillaceae,NA,NA
ASV_151,Bacteria,Pseudomonadota,Alphaproteobacteria,Acetobacterales,Acetobacteraceae,NA,NA
ASV_153,Bacteria,Bacillota,Bacilli,Lactobacillales,Lactobacillaceae,Fructobacillus,NA
ASV_154,Bacteria,Bacillota,Bacilli,Lactobacillales,Lactobacillaceae,NA,NA
ASV_155,Bacteria,Pseudomonadota,Alphaproteobacteria,Acetobacterales,Acetobacteraceae,Bombella,NA
ASV_156,Bacteria,Bacillota,Bacilli,Lactobacillales,Lactobacillaceae,NA,NA
ASV_157,Bacteria,Bacillota,Bacilli,Lactobacillales,Lactobacillaceae,Apilactobacillus,NA
ASV_158,Bacteria,Bacillota,Bacilli,Lactobacillales,Lactobacillaceae,NA,NA
ASV_159,Bacteria,Bacillota,Bacilli,Lactobacillales,Lactobacillaceae,Lactobacillus,NA
ASV_160,Bacteria,Bacillota,Bacilli,Lactobacillales,Lactobacillaceae,NA,NA
ASV_161,Bacteria,Bacteroidota,Bacteroidia,Flavobacteriales,Weeksellaceae,Apibacter,NA
ASV_162,Bacteria,Bacillota,Bacilli,Lactobacillales,Lactobacillaceae,Lactobacillus,NA
ASV_163,Bacteria,Bacillota,Bacilli,Lactobacillales,Lactobacillaceae,NA,NA
ASV_164,Bacteria,Pseudomonadota,Gammaproteobacteria,Pseudomonadales,Moraxellaceae,Acinetobacter,nectaris
ASV_165,Bacteria,Pseudomonadota,Gammaproteobacteria,Enterobacterales,Erwiniaceae,Tatumella,NA
ASV_166,Bacteria,Bacteroidota,Bacteroidia,Bacteroidales,Prevotellaceae,NA,NA
ASV_167,Bacteria,Pseudomonadota,Gammaproteobacteria,Pseudomonadales,Moraxellaceae,Acinetobacter,NA
ASV_168,Bacteria,Bacillota,Negativicutes,Veillonellales-Selenomonadales,Selenomonadaceae,Pectinatus,NA
ASV_169,Bacteria,Bacillota,Bacilli,Lactobacillales,Lactobacillaceae,NA,NA
ASV_170,Bacteria,Bacteroidota,Bacteroidia,Flavobacteriales,Weeksellaceae,Apibacter,NA
ASV_172,Bacteria,Bacillota,Bacilli,Lactobacillales,Lactobacillaceae,Liquorilactobacillus,NA
ASV_173,Bacteria,Bacillota,Bacilli,Lactobacillales,Lactobacillaceae,Ligilactobacillus,NA
ASV_174,Bacteria,Bacillota,Bacilli,Lactobacillales,Lactobacillaceae,NA,NA
ASV_175,Bacteria,Bacillota,Bacilli,Lactobacillales,Lactobacillaceae,NA,NA
ASV_176,Bacteria,Pseudomonadota,Alphaproteobacteria,Acetobacterales,Acetobacteraceae,Bombella,NA
ASV_177,Bacteria,Bacillota,Bacilli,Lactobacillales,Lactobacillaceae,NA,NA
ASV_178,Bacteria,Bacillota,Bacilli,Lactobacillales,Lactobacillaceae,Apilactobacillus,NA
ASV_179,Bacteria,Bacillota,Bacilli,Lactobacillales,Lactobacillaceae,Bombilactobacillus,NA
ASV_180,Bacteria,Pseudomonadota,Alphaproteobacteria,Acetobacterales,Acetobacteraceae,NA,NA
ASV_181,Bacteria,Bacillota,Bacilli,Lactobacillales,Lactobacillaceae,NA,NA
ASV_182,Bacteria,Bacillota,Bacilli,Lactobacillales,Lactobacillaceae,Bombilactobacillus,NA
ASV_184,Bacteria,Bacillota,Bacilli,Lactobacillales,Lactobacillaceae,NA,NA
ASV_185,Bacteria,Pseudomonadota,Gammaproteobacteria,Pseudomonadales,Pseudomonadaceae,Pseudomonas,NA
ASV_186,Bacteria,Bacteroidota,Bacteroidia,Bacteroidales,Prevotellaceae,NA,NA
ASV_187,Bacteria,Bacillota,Bacilli,Lactobacillales,Lactobacillaceae,Lactobacillus,NA
ASV_188,Bacteria,Bacillota,Negativicutes,Veillonellales-Selenomonadales,Selenomonadaceae,Pectinatus,NA
ASV_189,Bacteria,Bacillota,Bacilli,Lactobacillales,Lactobacillaceae,NA,NA
ASV_191,Bacteria,Bacillota,Bacilli,Lactobacillales,Lactobacillaceae,Lactobacillus,NA
ASV_193,Bacteria,Pseudomonadota,Alphaproteobacteria,Acetobacterales,Acetobacteraceae,Commensalibacter,NA
ASV_194,Bacteria,Pseudomonadota,Gammaproteobacteria,Enterobacterales,Erwiniaceae,NA,NA
ASV_195,Bacteria,Bacillota,Bacilli,Lactobacillales,Lactobacillaceae,NA,NA
ASV_197,Bacteria,Bacillota,Bacilli,Lactobacillales,Lactobacillaceae,Ligilactobacillus,NA
ASV_198,Bacteria,Pseudomonadota,Gammaproteobacteria,Enterobacterales,Morganellaceae,Arsenophonus,NA
ASV_199,Bacteria,Pseudomonadota,Alphaproteobacteria,Acetobacterales,Acetobacteraceae,NA,NA
ASV_200,Bacteria,Pseudomonadota,Gammaproteobacteria,Burkholderiales,Neisseriaceae,NA,NA
ASV_201,Bacteria,Bacteroidota,Bacteroidia,Bacteroidales,Prevotellaceae,NA,NA
ASV_203,Bacteria,Bacillota,Bacilli,Lactobacillales,Lactobacillaceae,NA,NA
ASV_204,Bacteria,Bacillota,Bacilli,Lactobacillales,Lactobacillaceae,Bombilactobacillus,NA
ASV_205,Bacteria,Bacillota,Bacilli,Lactobacillales,Lactobacillaceae,Bombilactobacillus,NA
ASV_206,Bacteria,Bacillota,Bacilli,Lactobacillales,Lactobacillaceae,Lactobacillus,NA
ASV_207,Bacteria,Bacillota,Bacilli,Lactobacillales,Lactobacillaceae,Fructobacillus,fructosus
ASV_209,Bacteria,Bacillota,Bacilli,Lactobacillales,Lactobacillaceae,NA,NA
ASV_210,Bacteria,Bacillota,Negativicutes,Veillonellales-Selenomonadales,Selenomonadaceae,Pectinatus,NA
ASV_211,Bacteria,Bacillota,Bacilli,Lactobacillales,Lactobacillaceae,NA,NA
ASV_213,Bacteria,Bacillota,Bacilli,Lactobacillales,Lactobacillaceae,NA,NA
ASV_214,Bacteria,Pseudomonadota,Alphaproteobacteria,Acetobacterales,Acetobacteraceae,Bombella,NA
ASV_215,Bacteria,Bacillota,Bacilli,Lactobacillales,Lactobacillaceae,NA,NA
ASV_216,Bacteria,Pseudomonadota,Gammaproteobacteria,Pseudomonadales,Pseudomonadaceae,Pseudomonas,NA
ASV_218,Bacteria,Bacillota,Bacilli,Lactobacillales,Lactobacillaceae,Dellaglioa,NA
ASV_219,Bacteria,Bacillota,Negativicutes,Veillonellales-Selenomonadales,Selenomonadaceae,Pectinatus,NA
ASV_220,Bacteria,Pseudomonadota,Alphaproteobacteria,Acetobacterales,Acetobacteraceae,Commensalibacter,NA
ASV_224,Bacteria,Bacillota,Bacilli,Lactobacillales,Lactobacillaceae,NA,NA
ASV_225,Bacteria,Bacillota,Bacilli,Lactobacillales,Lactobacillaceae,Leuconostoc,NA
ASV_227,Bacteria,Bacillota,Bacilli,Lactobacillales,Lactobacillaceae,NA,NA
ASV_229,Bacteria,Bacillota,Negativicutes,Veillonellales-Selenomonadales,Selenomonadaceae,Pectinatus,NA
ASV_231,Bacteria,Bacillota,Bacilli,Lactobacillales,Lactobacillaceae,NA,NA
ASV_232,Bacteria,Bacillota,Bacilli,Lactobacillales,Lactobacillaceae,NA,NA
ASV_233,Bacteria,Pseudomonadota,Gammaproteobacteria,Pseudomonadales,Pseudomonadaceae,Pseudomonas,NA
ASV_235,Bacteria,Bacillota,Bacilli,Lactobacillales,Lactobacillaceae,NA,NA
ASV_236,Bacteria,Bacillota,Bacilli,Lactobacillales,Lactobacillaceae,Lactobacillus,NA
ASV_237,Bacteria,Bacillota,Bacilli,Lactobacillales,Lactobacillaceae,Ligilactobacillus,NA
ASV_238,Bacteria,Bacillota,Bacilli,Lactobacillales,Lactobacillaceae,Lactobacillus,NA
ASV_239,Bacteria,Bacillota,Bacilli,Lactobacillales,Lactobacillaceae,NA,NA
ASV_242,Bacteria,Bacillota,Bacilli,Lactobacillales,Lactobacillaceae,Lactobacillus,NA
ASV_243,Bacteria,Pseudomonadota,Alphaproteobacteria,Acetobacterales,Acetobacteraceae,Bombella,NA
ASV_244,Bacteria,Actinomycetota,Coriobacteriia,Coriobacteriales,Atopobiaceae,Atopobium,NA
ASV_245,Bacteria,Pseudomonadota,Alphaproteobacteria,Acetobacterales,Acetobacteraceae,Bombella,NA
ASV_246,Bacteria,Actinomycetota,Coriobacteriia,Coriobacteriales,Atopobiaceae,Parolsenella,NA
ASV_248,Bacteria,Bacteroidota,Bacteroidia,Bacteroidales,Prevotellaceae,Hoylesella,NA
ASV_249,Bacteria,Pseudomonadota,Gammaproteobacteria,Pseudomonadales,Moraxellaceae,Acinetobacter,NA
ASV_252,Bacteria,Bacillota,Bacilli,Lactobacillales,Streptococcaceae,Lactococcus,NA
ASV_253,Bacteria,Bacillota,Bacilli,Lactobacillales,Lactobacillaceae,NA,NA
ASV_254,Bacteria,Bacillota,Bacilli,Lactobacillales,Lactobacillaceae,Ligilactobacillus,NA
ASV_255,Bacteria,Pseudomonadota,Gammaproteobacteria,Enterobacterales,Enterobacteriaceae,NA,NA
ASV_256,Bacteria,Bacillota,Bacilli,Lactobacillales,Lactobacillaceae,Lactobacillus,NA
ASV_257,Bacteria,Bacillota,Bacilli,Lactobacillales,Lactobacillaceae,Lactobacillus,NA
ASV_258,Bacteria,Pseudomonadota,Alphaproteobacteria,Acetobacterales,Acetobacteraceae,Bombella,NA
ASV_259,Bacteria,Bacteroidota,Bacteroidia,Bacteroidales,Prevotellaceae,NA,NA
ASV_260,Bacteria,Pseudomonadota,Gammaproteobacteria,Enterobacterales,Orbaceae,NA,NA
ASV_261,Bacteria,Bacteroidota,Bacteroidia,Bacteroidales,Prevotellaceae,NA,NA
ASV_263,Bacteria,Bacillota,Bacilli,Lactobacillales,Lactobacillaceae,Fructilactobacillus,NA
ASV_264,Bacteria,Bacillota,Bacilli,Lactobacillales,Lactobacillaceae,Lactobacillus,NA
ASV_265,Bacteria,Bacillota,Bacilli,Lactobacillales,Lactobacillaceae,NA,NA
ASV_266,Bacteria,Bacillota,Bacilli,Lactobacillales,Lactobacillaceae,NA,NA
ASV_267,Bacteria,Pseudomonadota,Gammaproteobacteria,Enterobacterales,NA,NA,NA
ASV_268,Bacteria,Bacillota,Bacilli,Lactobacillales,Lactobacillaceae,Lactobacillus,NA
ASV_271,Bacteria,Bacillota,Negativicutes,Veillonellales-Selenomonadales,Selenomonadaceae,Pectinatus,NA
ASV_272,Bacteria,Pseudomonadota,Gammaproteobacteria,Enterobacterales,Orbaceae,NA,NA
ASV_273,Bacteria,Pseudomonadota,Alphaproteobacteria,Acetobacterales,Acetobacteraceae,Bombella,NA
ASV_274,Bacteria,Bacillota,Bacilli,Lactobacillales,Lactobacillaceae,Leuconostoc,NA
ASV_277,Bacteria,Bacillota,Bacilli,Lactobacillales,Lactobacillaceae,Dellaglioa,NA
ASV_280,Bacteria,Bacillota,Bacilli,Lactobacillales,Lactobacillaceae,Bombilactobacillus,NA
ASV_281,Bacteria,Bacillota,Bacilli,Lactobacillales,Lactobacillaceae,NA,NA
ASV_282,Bacteria,Pseudomonadota,Gammaproteobacteria,Burkholderiales,Comamonadaceae,Alicycliphilus,NA
ASV_283,Bacteria,Bacillota,Bacilli,Lactobacillales,Lactobacillaceae,NA,NA
ASV_284,Bacteria,Actinomycetota,Actinobacteria,Bifidobacteriales,Bifidobacteriaceae,NA,NA
ASV_285,Bacteria,Pseudomonadota,Gammaproteobacteria,Enterobacterales,Erwiniaceae,Izhakiella,NA
ASV_286,Bacteria,Pseudomonadota,Alphaproteobacteria,Acetobacterales,Acetobacteraceae,NA,NA
ASV_287,Bacteria,Bacillota,Bacilli,Lactobacillales,Lactobacillaceae,NA,NA
ASV_288,Bacteria,Pseudomonadota,Alphaproteobacteria,Hyphomicrobiales,Rhizobiaceae,Bartonella,apis
ASV_291,Bacteria,Bacillota,Bacilli,Lactobacillales,Lactobacillaceae,NA,NA
ASV_293,Bacteria,Actinomycetota,Actinobacteria,Bifidobacteriales,Bifidobacteriaceae,Bifidobacterium,NA
ASV_294,Bacteria,Bacillota,Bacilli,Lactobacillales,Lactobacillaceae,NA,NA
ASV_295,Bacteria,Bacillota,Bacilli,Lactobacillales,Lactobacillaceae,Bombilactobacillus,NA
ASV_296,Bacteria,Bacillota,Bacilli,Lactobacillales,Lactobacillaceae,NA,NA
ASV_297,Bacteria,Bacillota,Bacilli,Lactobacillales,Streptococcaceae,Floricoccus,NA
ASV_298,Bacteria,Bacillota,Bacilli,Lactobacillales,Lactobacillaceae,NA,NA
ASV_299,Bacteria,Bacillota,Bacilli,Lactobacillales,Lactobacillaceae,Lactobacillus,NA
ASV_300,Bacteria,Bacteroidota,Bacteroidia,Bacteroidales,Prevotellaceae,Segatella,NA
ASV_301,Bacteria,Bacillota,Bacilli,Lactobacillales,Lactobacillaceae,NA,NA
ASV_302,Bacteria,Pseudomonadota,Gammaproteobacteria,Lysobacterales,Lysobacteraceae,SN8,NA
ASV_304,Bacteria,Pseudomonadota,Gammaproteobacteria,Enterobacterales,Erwiniaceae,Tatumella,NA
ASV_305,Bacteria,Bacillota,Bacilli,Lactobacillales,Lactobacillaceae,NA,NA
ASV_306,Bacteria,Pseudomonadota,Gammaproteobacteria,Enterobacterales,Enterobacteriaceae,NA,NA
ASV_307,Bacteria,Bacteroidota,Bacteroidia,Flavobacteriales,Weeksellaceae,Apibacter,NA
ASV_310,Bacteria,Actinomycetota,Actinobacteria,Bifidobacteriales,Bifidobacteriaceae,Bifidobacterium,NA
ASV_312,Bacteria,Bacillota,Bacilli,Lactobacillales,Lactobacillaceae,NA,NA
ASV_313,Bacteria,Pseudomonadota,Alphaproteobacteria,Acetobacterales,Acetobacteraceae,Neokomagataea,NA
ASV_314,Bacteria,Pseudomonadota,Gammaproteobacteria,Pseudomonadales,Moraxellaceae,Acinetobacter,NA
ASV_315,Bacteria,Bacteroidota,Bacteroidia,Bacteroidales,Prevotellaceae,NA,NA
ASV_319,Bacteria,Bacillota,Bacilli,Lactobacillales,Lactobacillaceae,NA,NA
ASV_320,Bacteria,Bacillota,Bacilli,Lactobacillales,Lactobacillaceae,Lactobacillus,NA
ASV_321,Bacteria,Bacillota,Bacilli,Lactobacillales,Lactobacillaceae,NA,NA
ASV_322,Bacteria,Bacillota,Bacilli,Lactobacillales,Lactobacillaceae,NA,NA
ASV_324,Bacteria,Bacillota,Bacilli,Lactobacillales,Lactobacillaceae,Dellaglioa,NA
ASV_325,Bacteria,Bacillota,Bacilli,Lactobacillales,Lactobacillaceae,Leuconostoc,NA
ASV_327,Bacteria,Pseudomonadota,Gammaproteobacteria,Enterobacterales,Orbaceae,NA,NA
ASV_328,Bacteria,Bacillota,Bacilli,Lactobacillales,Lactobacillaceae,NA,NA
ASV_329,Bacteria,Pseudomonadota,Gammaproteobacteria,Enterobacterales,Orbaceae,NA,NA
ASV_331,Bacteria,Pseudomonadota,Gammaproteobacteria,Burkholderiales,Neisseriaceae,Snodgrassella,NA
ASV_332,Bacteria,Pseudomonadota,Gammaproteobacteria,Enterobacterales,Enterobacteriaceae,NA,NA
ASV_334,Bacteria,Actinomycetota,Actinobacteria,Bifidobacteriales,Bifidobacteriaceae,Bifidobacterium,NA
ASV_335,Bacteria,Pseudomonadota,Gammaproteobacteria,Enterobacterales,NA,NA,NA
ASV_336,Bacteria,Bacillota,Negativicutes,Veillonellales-Selenomonadales,Selenomonadaceae,Pectinatus,NA
ASV_337,Bacteria,Pseudomonadota,Alphaproteobacteria,Acetobacterales,Acetobacteraceae,Commensalibacter,NA
ASV_338,Bacteria,Bacillota,Bacilli,Lactobacillales,Lactobacillaceae,Ligilactobacillus,NA
ASV_339,Bacteria,Bacillota,Bacilli,Lactobacillales,Lactobacillaceae,Ligilactobacillus,NA
ASV_341,Bacteria,Pseudomonadota,Gammaproteobacteria,Enterobacterales,Orbaceae,NA,NA
ASV_342,Bacteria,Bacillota,Bacilli,Lactobacillales,Lactobacillaceae,NA,NA
ASV_343,Bacteria,Bacillota,Bacilli,Lactobacillales,Lactobacillaceae,NA,NA
ASV_344,Bacteria,Pseudomonadota,Gammaproteobacteria,Pseudomonadales,Halomonadaceae,Zymobacter,NA
ASV_345,Bacteria,Bacteroidota,Bacteroidia,Bacteroidales,Dysgonomonadaceae,Dysgonomonas,NA
ASV_348,Bacteria,Bacillota,Bacilli,Lactobacillales,Lactobacillaceae,Ligilactobacillus,NA
ASV_349,Bacteria,Bacillota,Bacilli,Lactobacillales,Enterococcaceae,NA,NA
ASV_350,Bacteria,Bacillota,Bacilli,Lactobacillales,Lactobacillaceae,NA,NA
ASV_355,Bacteria,Bacillota,Bacilli,Lactobacillales,Lactobacillaceae,NA,NA
ASV_356,Bacteria,Bacillota,Negativicutes,Veillonellales-Selenomonadales,Selenomonadaceae,Pectinatus,NA
ASV_358,Bacteria,Pseudomonadota,Alphaproteobacteria,Acetobacterales,Acetobacteraceae,NA,NA
ASV_359,Bacteria,Pseudomonadota,Gammaproteobacteria,Enterobacterales,Erwiniaceae,Izhakiella,NA
ASV_360,Bacteria,Pseudomonadota,Gammaproteobacteria,Enterobacterales,Yersiniaceae,Serratia,NA
ASV_361,Bacteria,Bacillota,Bacilli,Lactobacillales,Enterococcaceae,Enterococcus,NA
ASV_362,Bacteria,Bacillota,Bacilli,Lactobacillales,Lactobacillaceae,NA,NA
ASV_364,Bacteria,Bacillota,Bacilli,Lactobacillales,Lactobacillaceae,NA,NA
ASV_367,Bacteria,Bacillota,Bacilli,Lactobacillales,Lactobacillaceae,NA,NA
ASV_370,Bacteria,Bacillota,Negativicutes,Veillonellales-Selenomonadales,Veillonellaceae,Veillonella,NA
ASV_371,Bacteria,Pseudomonadota,Gammaproteobacteria,Burkholderiales,Comamonadaceae,NA,NA
ASV_372,Bacteria,Bacillota,Bacilli,Lactobacillales,Lactobacillaceae,Dellaglioa,NA
ASV_373,Bacteria,Bacillota,Bacilli,Lactobacillales,Lactobacillaceae,NA,NA
ASV_376,Bacteria,Pseudomonadota,Gammaproteobacteria,Enterobacterales,NA,NA,NA
ASV_377,Bacteria,Bacteroidota,Bacteroidia,Bacteroidales,Bacteroidaceae,Bacteroides,NA
ASV_378,Bacteria,Bacillota,Bacilli,Lactobacillales,Lactobacillaceae,NA,NA
ASV_379,Bacteria,Bacillota,Bacilli,Lactobacillales,Lactobacillaceae,NA,NA
ASV_380,Bacteria,Bacillota,Negativicutes,Veillonellales-Selenomonadales,Selenomonadaceae,Pectinatus,NA
ASV_381,Bacteria,Pseudomonadota,Gammaproteobacteria,Enterobacterales,Erwiniaceae,Izhakiella,NA
ASV_384,Bacteria,Bacillota,Bacilli,Staphylococcales,Staphylococcaceae,Staphylococcus,NA
ASV_386,Bacteria,Pseudomonadota,Gammaproteobacteria,Enterobacterales,Enterobacteriaceae,NA,NA
ASV_387,Bacteria,Bacillota,Bacilli,Lactobacillales,Lactobacillaceae,NA,NA
ASV_388,Bacteria,Bacillota,Bacilli,Lactobacillales,Lactobacillaceae,NA,NA
ASV_389,Bacteria,Bacillota,Bacilli,Lactobacillales,Lactobacillaceae,Dellaglioa,NA
ASV_390,Bacteria,Pseudomonadota,Gammaproteobacteria,Enterobacterales,Erwiniaceae,Izhakiella,NA
ASV_391,Bacteria,Actinomycetota,Coriobacteriia,Coriobacteriales,Atopobiaceae,Atopobium,NA
ASV_392,Bacteria,Pseudomonadota,Gammaproteobacteria,Cardiobacteriales,Wohlfahrtiimonadaceae,Ignatzschineria,indica
ASV_393,Bacteria,Bacillota,Bacilli,Lactobacillales,Lactobacillaceae,Dellaglioa,NA
ASV_394,Bacteria,Pseudomonadota,Gammaproteobacteria,Enterobacterales,Enterobacteriaceae,Raoultella,NA
ASV_395,Bacteria,Bacillota,Bacilli,Lactobacillales,Lactobacillaceae,NA,NA
ASV_397,Bacteria,Bacillota,Bacilli,Lactobacillales,Enterococcaceae,Enterococcus,NA
ASV_398,Bacteria,Bacillota,Bacilli,Lactobacillales,Lactobacillaceae,Ligilactobacillus,NA
ASV_399,Bacteria,Bacillota,Bacilli,Lactobacillales,Lactobacillaceae,Dellaglioa,NA
ASV_400,Bacteria,Bacillota,Bacilli,Lactobacillales,Lactobacillaceae,Apilactobacillus,NA
ASV_402,Bacteria,Bacillota,Bacilli,Lactobacillales,Lactobacillaceae,NA,NA
ASV_403,Bacteria,Bacillota,Bacilli,Lactobacillales,Lactobacillaceae,NA,NA
ASV_404,Bacteria,Bacillota,Bacilli,Lactobacillales,Lactobacillaceae,NA,NA
ASV_407,Bacteria,Bacillota,Bacilli,Lactobacillales,Lactobacillaceae,NA,NA
ASV_408,Bacteria,Pseudomonadota,Gammaproteobacteria,Enterobacterales,Yersiniaceae,Gibbsiella,NA
ASV_410,Bacteria,Pseudomonadota,Gammaproteobacteria,Enterobacterales,Orbaceae,NA,NA
ASV_411,Bacteria,Bacillota,Bacilli,Lactobacillales,Lactobacillaceae,Lactobacillus,NA
ASV_412,Bacteria,Pseudomonadota,Alphaproteobacteria,Acetobacterales,Acetobacteraceae,NA,NA
ASV_413,Bacteria,Pseudomonadota,Gammaproteobacteria,Enterobacterales,Morganellaceae,Arsenophonus,NA
ASV_414,Bacteria,Pseudomonadota,Gammaproteobacteria,Enterobacterales,Erwiniaceae,Izhakiella,NA
ASV_415,Bacteria,Pseudomonadota,Alphaproteobacteria,Acetobacterales,Acetobacteraceae,Bombella,NA
ASV_416,Bacteria,Bacillota,Bacilli,Lactobacillales,Lactobacillaceae,NA,NA
ASV_417,Bacteria,Bacillota,Bacilli,Lactobacillales,Lactobacillaceae,NA,NA
ASV_418,Bacteria,Bacteroidota,Bacteroidia,Sphingobacteriales,Sphingobacteriaceae,Nubsella,NA
ASV_422,Bacteria,Bacillota,Bacilli,Lactobacillales,Lactobacillaceae,Dellaglioa,NA
ASV_424,Bacteria,Bacteroidota,Bacteroidia,Flavobacteriales,Weeksellaceae,Apibacter,NA
ASV_426,Bacteria,Pseudomonadota,Gammaproteobacteria,Enterobacterales,Enterobacteriaceae,NA,NA
ASV_428,Bacteria,Pseudomonadota,Gammaproteobacteria,Pseudomonadales,Pseudomonadaceae,Pseudomonas,NA
ASV_429,Bacteria,Bacillota,Bacilli,Lactobacillales,Lactobacillaceae,NA,NA
ASV_431,Bacteria,Bacillota,Bacilli,Lactobacillales,Lactobacillaceae,Lactobacillus,NA
ASV_432,Bacteria,Bacillota,Bacilli,Lactobacillales,Lactobacillaceae,NA,NA
ASV_435,Bacteria,Bacillota,Bacilli,Lactobacillales,Lactobacillaceae,NA,NA
ASV_436,Bacteria,Bacillota,Bacilli,Lactobacillales,Lactobacillaceae,Fructobacillus,NA
ASV_438,Bacteria,Actinomycetota,Actinobacteria,Bifidobacteriales,Bifidobacteriaceae,Bifidobacterium,NA
ASV_441,Bacteria,Pseudomonadota,Gammaproteobacteria,Enterobacterales,Erwiniaceae,Tatumella,ptyseos
ASV_442,Bacteria,Bacillota,Bacilli,Lactobacillales,Lactobacillaceae,NA,NA
ASV_444,Bacteria,Pseudomonadota,Gammaproteobacteria,Enterobacterales,Enterobacteriaceae,NA,NA
ASV_446,Bacteria,Bacillota,Bacilli,Lactobacillales,Lactobacillaceae,NA,NA
ASV_449,Bacteria,Pseudomonadota,Gammaproteobacteria,Enterobacterales,Erwiniaceae,Izhakiella,NA
ASV_450,Bacteria,Bacillota,Bacilli,Lactobacillales,Enterococcaceae,Enterococcus,NA
ASV_451,Bacteria,Bacillota,Bacilli,Lactobacillales,Lactobacillaceae,NA,NA
ASV_453,Bacteria,Bacillota,Bacilli,Lactobacillales,Lactobacillaceae,NA,NA
ASV_454,Bacteria,Pseudomonadota,Gammaproteobacteria,Lysobacterales,Lysobacteraceae,NA,NA
ASV_455,Bacteria,Bacillota,Bacilli,Lactobacillales,Lactobacillaceae,Dellaglioa,NA
ASV_457,Bacteria,Pseudomonadota,Alphaproteobacteria,Acetobacterales,Acetobacteraceae,Bombella,NA
ASV_459,Bacteria,Pseudomonadota,Gammaproteobacteria,Pseudomonadales,Moraxellaceae,Acinetobacter,NA
ASV_461,Bacteria,Bacillota,Bacilli,Lactobacillales,Lactobacillaceae,NA,NA
ASV_462,Bacteria,Bacillota,Bacilli,Lactobacillales,Lactobacillaceae,Apilactobacillus,NA
ASV_463,Bacteria,Bacillota,Negativicutes,Veillonellales-Selenomonadales,Selenomonadaceae,Pectinatus,NA
ASV_464,Bacteria,Actinomycetota,Coriobacteriia,Coriobacteriales,Atopobiaceae,Parolsenella,NA
ASV_466,Bacteria,Actinomycetota,Actinobacteria,Bifidobacteriales,Bifidobacteriaceae,Bifidobacterium,NA
ASV_467,Bacteria,Bacillota,Bacilli,Lactobacillales,Lactobacillaceae,Lactobacillus,NA
ASV_471,Bacteria,Pseudomonadota,Gammaproteobacteria,Enterobacterales,Erwiniaceae,Pantoea,NA
ASV_473,Bacteria,Bacillota,Bacilli,Lactobacillales,Lactobacillaceae,NA,NA
ASV_474,Bacteria,Bacillota,Bacilli,Lactobacillales,Lactobacillaceae,Ligilactobacillus,NA
ASV_478,Bacteria,Bacillota,Bacilli,Lactobacillales,Lactobacillaceae,Ligilactobacillus,NA
ASV_479,Bacteria,Bacillota,Bacilli,Lactobacillales,Lactobacillaceae,NA,NA
ASV_480,Bacteria,Actinomycetota,Actinobacteria,Bifidobacteriales,Bifidobacteriaceae,NA,NA
ASV_481,Bacteria,Pseudomonadota,Gammaproteobacteria,Pseudomonadales,Moraxellaceae,Acinetobacter,NA
ASV_482,Bacteria,Bacillota,Bacilli,Lactobacillales,Streptococcaceae,Floricoccus,NA
ASV_483,Bacteria,Pseudomonadota,Alphaproteobacteria,Acetobacterales,Acetobacteraceae,Bombella,NA
ASV_484,Bacteria,Pseudomonadota,Gammaproteobacteria,Cardiobacteriales,Wohlfahrtiimonadaceae,Ignatzschineria,larvae
ASV_486,Bacteria,Bacillota,Bacilli,Lactobacillales,Lactobacillaceae,NA,NA
ASV_487,Bacteria,Bacillota,Bacilli,Lactobacillales,Lactobacillaceae,Dellaglioa,NA
ASV_489,Bacteria,Bacillota,Bacilli,Lactobacillales,Lactobacillaceae,Dellaglioa,NA
ASV_491,Bacteria,Bacillota,Bacilli,Lactobacillales,Lactobacillaceae,Ligilactobacillus,NA
ASV_494,Bacteria,Bacillota,Bacilli,Lactobacillales,Lactobacillaceae,Ligilactobacillus,NA
ASV_495,Bacteria,Pseudomonadota,Alphaproteobacteria,Acetobacterales,Acetobacteraceae,Neoasaia,chiangmaiensis
ASV_497,Bacteria,Pseudomonadota,Alphaproteobacteria,Acetobacterales,Acetobacteraceae,NA,NA
ASV_498,Bacteria,Pseudomonadota,Alphaproteobacteria,Acetobacterales,Acetobacteraceae,Gluconobacter,NA
ASV_499,Bacteria,Bacillota,Negativicutes,Veillonellales-Selenomonadales,Selenomonadaceae,Pectinatus,NA
ASV_500,Bacteria,Bacillota,Bacilli,Lactobacillales,Lactobacillaceae,NA,NA
ASV_509,Bacteria,Actinomycetota,Actinobacteria,Bifidobacteriales,Bifidobacteriaceae,Bifidobacterium,NA
ASV_512,Bacteria,Actinomycetota,Actinobacteria,Bifidobacteriales,Bifidobacteriaceae,NA,NA
ASV_513,Bacteria,Actinomycetota,Actinobacteria,Bifidobacteriales,Bifidobacteriaceae,Bifidobacterium,NA
ASV_516,Bacteria,Pseudomonadota,Gammaproteobacteria,Pseudomonadales,Halomonadaceae,Zymobacter,NA
ASV_519,Bacteria,Bacillota,Bacilli,Lactobacillales,Lactobacillaceae,Dellaglioa,NA
ASV_520,Bacteria,Pseudomonadota,Alphaproteobacteria,Acetobacterales,Acetobacteraceae,Asaia,NA
ASV_521,Bacteria,Actinomycetota,Actinobacteria,Bifidobacteriales,Bifidobacteriaceae,Bifidobacterium,NA
ASV_523,Bacteria,Bacillota,Negativicutes,Veillonellales-Selenomonadales,Selenomonadaceae,Pectinatus,NA
ASV_524,Bacteria,Pseudomonadota,Gammaproteobacteria,Pseudomonadales,Moraxellaceae,Acinetobacter,NA
ASV_528,Bacteria,Bacillota,Bacilli,Lactobacillales,Lactobacillaceae,Dellaglioa,NA
ASV_530,Bacteria,Pseudomonadota,Gammaproteobacteria,Enterobacterales,Pectobacteriaceae,Lonsdalea,NA
ASV_531,Bacteria,Bacillota,Bacilli,Lactobacillales,Lactobacillaceae,NA,NA
ASV_532,Bacteria,Bacillota,Bacilli,Lactobacillales,Lactobacillaceae,Leuconostoc,NA
ASV_535,Bacteria,Bacillota,Bacilli,Lactobacillales,Lactobacillaceae,NA,NA
ASV_537,Bacteria,Bacillota,Bacilli,Lactobacillales,Lactobacillaceae,Apilactobacillus,NA
ASV_541,Bacteria,Pseudomonadota,Gammaproteobacteria,Enterobacterales,NA,NA,NA
ASV_542,Bacteria,Bacillota,Negativicutes,Veillonellales-Selenomonadales,Veillonellaceae,Megasphaera,NA
ASV_544,Bacteria,Actinomycetota,Actinobacteria,Bifidobacteriales,Bifidobacteriaceae,Bifidobacterium,NA
ASV_545,Bacteria,Bacillota,Negativicutes,Veillonellales-Selenomonadales,Selenomonadaceae,Pectinatus,NA
ASV_552,Bacteria,Bacillota,Bacilli,Lactobacillales,Lactobacillaceae,Dellaglioa,NA
ASV_554,Bacteria,Bacillota,Bacilli,Lactobacillales,Lactobacillaceae,NA,NA
ASV_556,Bacteria,Bacillota,Negativicutes,Veillonellales-Selenomonadales,Selenomonadaceae,Pectinatus,NA
ASV_557,Bacteria,Bacillota,Bacilli,Lactobacillales,Lactobacillaceae,Lactobacillus,NA
ASV_558,Bacteria,Actinomycetota,Actinobacteria,Bifidobacteriales,Bifidobacteriaceae,Bifidobacterium,NA
ASV_559,Bacteria,Actinomycetota,Actinobacteria,Bifidobacteriales,Bifidobacteriaceae,Bifidobacterium,NA
ASV_561,Bacteria,Actinomycetota,Actinobacteria,Mycobacteriales,Corynebacteriaceae,Corynebacterium,nuruki
ASV_564,Bacteria,Actinomycetota,Actinobacteria,Bifidobacteriales,Bifidobacteriaceae,Bifidobacterium,NA
ASV_565,Bacteria,Bacillota,Bacilli,Lactobacillales,Lactobacillaceae,NA,NA
ASV_566,Bacteria,Pseudomonadota,Gammaproteobacteria,Enterobacterales,Erwiniaceae,Izhakiella,NA
ASV_572,Bacteria,Bacillota,Bacilli,Lactobacillales,Streptococcaceae,Floricoccus,NA
ASV_574,Bacteria,Bacillota,Bacilli,Lactobacillales,Lactobacillaceae,Dellaglioa,NA
ASV_576,Bacteria,Bacteroidota,Bacteroidia,Bacteroidales,Prevotellaceae,NA,NA
ASV_577,Bacteria,Actinomycetota,Coriobacteriia,Coriobacteriales,Atopobiaceae,Atopobium,NA
ASV_578,Bacteria,Bacillota,Bacilli,Lactobacillales,Lactobacillaceae,NA,NA
ASV_584,Bacteria,Actinomycetota,Actinobacteria,Bifidobacteriales,Bifidobacteriaceae,Bifidobacterium,NA
ASV_587,Bacteria,Bacillota,Bacilli,Lactobacillales,Lactobacillaceae,NA,NA
ASV_588,Bacteria,Pseudomonadota,Gammaproteobacteria,Cardiobacteriales,Wohlfahrtiimonadaceae,Ignatzschineria,NA
ASV_590,Bacteria,Actinomycetota,Actinobacteria,Bifidobacteriales,Bifidobacteriaceae,Bifidobacterium,NA
ASV_591,Bacteria,Bacillota,Bacilli,Lactobacillales,Lactobacillaceae,Fructobacillus,NA
ASV_592,Bacteria,Actinomycetota,Actinobacteria,Bifidobacteriales,Bifidobacteriaceae,NA,NA
ASV_593,Bacteria,Bacteroidota,Bacteroidia,Sphingobacteriales,Sphingobacteriaceae,Sphingobacterium,NA
ASV_594,Bacteria,Bacillota,Bacilli,Lactobacillales,Lactobacillaceae,NA,NA
ASV_597,Bacteria,Pseudomonadota,Gammaproteobacteria,Enterobacterales,Orbaceae,Orbus,NA
ASV_599,Bacteria,Pseudomonadota,Alphaproteobacteria,Acetobacterales,Acetobacteraceae,Neokomagataea,thailandica
ASV_602,Bacteria,Bacillota,Bacilli,Lactobacillales,Lactobacillaceae,NA,NA
ASV_603,Bacteria,Bacillota,Bacilli,Mycoplasmatales,Mycoplasmataceae,Mesoplasma,NA
ASV_606,Bacteria,Bacteroidota,Bacteroidia,NA,NA,NA,NA
ASV_607,Bacteria,Bacillota,Bacilli,Lactobacillales,Lactobacillaceae,Liquorilactobacillus,NA
ASV_609,Bacteria,Bacillota,Bacilli,Lactobacillales,Lactobacillaceae,NA,NA
ASV_611,Bacteria,Pseudomonadota,Gammaproteobacteria,Enterobacterales,NA,NA,NA
ASV_612,Bacteria,Bacillota,Bacilli,Lactobacillales,Lactobacillaceae,NA,NA
ASV_613,Bacteria,Actinomycetota,Actinobacteria,Bifidobacteriales,Bifidobacteriaceae,NA,NA
ASV_614,Bacteria,Pseudomonadota,Alphaproteobacteria,Acetobacterales,Acetobacteraceae,Tanticharoenia,NA
ASV_615,Bacteria,Pseudomonadota,Gammaproteobacteria,Enterobacterales,NA,NA,NA
ASV_617,Bacteria,Bacillota,Bacilli,Lactobacillales,Lactobacillaceae,Bombilactobacillus,NA
ASV_620,Bacteria,Bacillota,Bacilli,Lactobacillales,Lactobacillaceae,NA,NA
ASV_621,Bacteria,Bacteroidota,Bacteroidia,Sphingobacteriales,Sphingobacteriaceae,Sphingobacterium,NA
ASV_623,Bacteria,Bacillota,Negativicutes,Veillonellales-Selenomonadales,Selenomonadaceae,Pectinatus,NA
ASV_628,Bacteria,Bacillota,Bacilli,Lactobacillales,Lactobacillaceae,NA,NA
ASV_632,Bacteria,Bacillota,Bacilli,Lactobacillales,Enterococcaceae,Enterococcus,NA
ASV_633,Bacteria,Bacillota,Bacilli,Lactobacillales,Lactobacillaceae,Liquorilactobacillus,NA
ASV_635,Bacteria,Bacillota,Bacilli,Lactobacillales,Lactobacillaceae,NA,NA
ASV_638,Bacteria,Bacillota,Bacilli,Lactobacillales,Lactobacillaceae,NA,NA
ASV_646,Bacteria,Pseudomonadota,Gammaproteobacteria,Burkholderiales,Neisseriaceae,NA,NA
ASV_648,Bacteria,Bacillota,Bacilli,Lactobacillales,Lactobacillaceae,Dellaglioa,NA
ASV_651,Bacteria,Actinomycetota,Actinobacteria,Bifidobacteriales,Bifidobacteriaceae,Bifidobacterium,NA
ASV_658,Bacteria,Actinomycetota,Actinobacteria,Propionibacteriales,Propionibacteriaceae,Cutibacterium,NA
ASV_659,Bacteria,Pseudomonadota,Gammaproteobacteria,Enterobacterales,Orbaceae,Orbus,sasakiae
ASV_662,Bacteria,Bacillota,Bacilli,Lactobacillales,Lactobacillaceae,NA,NA
ASV_665,Bacteria,Actinomycetota,Actinobacteria,Bifidobacteriales,Bifidobacteriaceae,Bifidobacterium,NA
ASV_667,Bacteria,Bacillota,Bacilli,Lactobacillales,Lactobacillaceae,Dellaglioa,NA
ASV_670,Bacteria,Bacillota,Bacilli,Lactobacillales,Lactobacillaceae,Leuconostoc,NA
ASV_676,Bacteria,Pseudomonadota,Gammaproteobacteria,Enterobacterales,Morganellaceae,Morganella,morganii
ASV_677,Bacteria,Bacillota,Bacilli,Lactobacillales,Lactobacillaceae,Dellaglioa,NA
ASV_678,Bacteria,Bacillota,Bacilli,Lactobacillales,Lactobacillaceae,Liquorilactobacillus,NA
ASV_679,Bacteria,Pseudomonadota,Gammaproteobacteria,Enterobacterales,Erwiniaceae,Pantoea,NA
ASV_680,Bacteria,Bacillota,Bacilli,Lactobacillales,Lactobacillaceae,Dellaglioa,NA
ASV_681,Bacteria,Actinomycetota,Actinobacteria,Bifidobacteriales,Bifidobacteriaceae,Bifidobacterium,NA
ASV_682,Bacteria,Bacillota,Bacilli,Lactobacillales,Lactobacillaceae,Liquorilactobacillus,NA
ASV_683,Bacteria,Pseudomonadota,Gammaproteobacteria,Pseudomonadales,Pseudomonadaceae,Pseudomonas,NA
ASV_684,Bacteria,Pseudomonadota,Alphaproteobacteria,Acetobacterales,Acetobacteraceae,NA,NA
ASV_685,Bacteria,Bacillota,Negativicutes,Veillonellales-Selenomonadales,Selenomonadaceae,Pectinatus,NA
ASV_686,Bacteria,Pseudomonadota,Alphaproteobacteria,Acetobacterales,Acetobacteraceae,Commensalibacter,NA
ASV_704,Bacteria,Pseudomonadota,Gammaproteobacteria,Enterobacterales,Erwiniaceae,NA,NA
ASV_706,Bacteria,Pseudomonadota,Gammaproteobacteria,Pseudomonadales,Pseudomonadaceae,Pseudomonas,NA
ASV_707,Bacteria,Bacillota,Bacilli,Lactobacillales,Lactobacillaceae,Dellaglioa,NA
ASV_710,Bacteria,Pseudomonadota,Alphaproteobacteria,Acetobacterales,Acetobacteraceae,NA,NA
ASV_712,Bacteria,Pseudomonadota,Gammaproteobacteria,Pseudomonadales,Moraxellaceae,Acinetobacter,boissieri
ASV_713,Bacteria,Bacillota,Bacilli,Lactobacillales,Lactobacillaceae,Dellaglioa,NA
ASV_714,Bacteria,Pseudomonadota,Alphaproteobacteria,Rhodobacterales,Paracoccaceae,Amaricoccus,NA
ASV_715,Bacteria,Bacillota,Bacilli,Lactobacillales,Lactobacillaceae,Holzapfeliella,NA
ASV_717,Bacteria,Pseudomonadota,Gammaproteobacteria,Burkholderiales,Comamonadaceae,Xylophilus,NA
ASV_718,Bacteria,Bacillota,Bacilli,Lactobacillales,Lactobacillaceae,Fructobacillus,NA
ASV_723,Bacteria,Bacillota,Bacilli,Lactobacillales,Lactobacillaceae,Leuconostoc,NA
ASV_725,Bacteria,Bacillota,Bacilli,Lactobacillales,Enterococcaceae,Enterococcus,NA
ASV_726,Bacteria,Bacillota,Bacilli,Lactobacillales,Lactobacillaceae,Dellaglioa,NA
ASV_728,Bacteria,Bacillota,Clostridia,Lachnospirales,Lachnospiraceae,NA,NA
ASV_729,Bacteria,Bacillota,Bacilli,Mycoplasmatales,Mycoplasmataceae,Williamsoniiplasma,NA
ASV_734,Bacteria,Bacillota,Negativicutes,Veillonellales-Selenomonadales,Selenomonadaceae,Pectinatus,NA
ASV_735,Bacteria,Bacillota,Bacilli,Lactobacillales,Lactobacillaceae,Dellaglioa,NA
ASV_737,Bacteria,Bacillota,Bacilli,Lactobacillales,Lactobacillaceae,Dellaglioa,NA
ASV_741,Bacteria,Bacillota,Bacilli,Lactobacillales,Lactobacillaceae,Dellaglioa,NA
ASV_744,Bacteria,Bacteroidota,Bacteroidia,Flavobacteriales,Weeksellaceae,Apibacter,NA
ASV_753,Bacteria,Bacillota,Bacilli,Lactobacillales,Lactobacillaceae,NA,NA
ASV_754,Bacteria,Bacillota,Bacilli,Lactobacillales,Lactobacillaceae,NA,NA
ASV_757,Bacteria,Pseudomonadota,Gammaproteobacteria,Enterobacterales,Morganellaceae,Proteus,NA
ASV_758,Bacteria,Pseudomonadota,Alphaproteobacteria,Acetobacterales,Acetobacteraceae,Commensalibacter,NA
ASV_761,Bacteria,Pseudomonadota,Gammaproteobacteria,Pseudomonadales,Moraxellaceae,Acinetobacter,NA
ASV_767,Bacteria,Bacillota,Bacilli,Lactobacillales,Lactobacillaceae,NA,NA
ASV_773,Bacteria,Pseudomonadota,Alphaproteobacteria,Acetobacterales,Acetobacteraceae,NA,NA
ASV_774,Bacteria,Pseudomonadota,Alphaproteobacteria,Acetobacterales,Acetobacteraceae,Commensalibacter,NA
ASV_775,Bacteria,Bacillota,Bacilli,Lactobacillales,Lactobacillaceae,NA,NA
ASV_777,Bacteria,Bacillota,Bacilli,Lactobacillales,Lactobacillaceae,NA,NA
ASV_778,Bacteria,Pseudomonadota,Alphaproteobacteria,Sphingomonadales,Sphingomonadaceae,Sphingomonas,NA
ASV_779,Bacteria,Bacillota,Bacilli,Lactobacillales,Lactobacillaceae,Bombilactobacillus,NA
ASV_781,Bacteria,Pseudomonadota,Gammaproteobacteria,Burkholderiales,Neisseriaceae,NA,NA
ASV_783,Bacteria,Pseudomonadota,Gammaproteobacteria,Burkholderiales,Comamonadaceae,Curvibacter,NA
ASV_784,Bacteria,Pseudomonadota,Alphaproteobacteria,Acetobacterales,Acetobacteraceae,NA,NA
ASV_785,Bacteria,Pseudomonadota,Alphaproteobacteria,Hyphomicrobiales,Rhizobiaceae,Bartonella,NA
ASV_789,Bacteria,Bacillota,Bacilli,Lactobacillales,Lactobacillaceae,Fructobacillus,pseudoficulneus
ASV_793,Bacteria,Bacillota,Clostridia,Peptostreptococcales-Tissierellales,Peptostreptococcaceae,Romboutsia,NA
ASV_794,Bacteria,Bacillota,Bacilli,Lactobacillales,Lactobacillaceae,Dellaglioa,NA
ASV_799,Bacteria,Pseudomonadota,Gammaproteobacteria,Enterobacterales,Enterobacteriaceae,Cedecea,NA
ASV_800,Bacteria,Bacillota,Bacilli,Lactobacillales,Lactobacillaceae,Ligilactobacillus,NA
ASV_803,Bacteria,Bacillota,Bacilli,Lactobacillales,Lactobacillaceae,NA,NA
ASV_804,Bacteria,Actinomycetota,Actinobacteria,Bifidobacteriales,Bifidobacteriaceae,NA,NA
ASV_805,Bacteria,Bacillota,Bacilli,Lactobacillales,Lactobacillaceae,NA,NA
ASV_812,Bacteria,Bacillota,Bacilli,Lactobacillales,Lactobacillaceae,NA,NA
ASV_813,Bacteria,Bacillota,Bacilli,Lactobacillales,Lactobacillaceae,NA,NA
ASV_816,Bacteria,Bacillota,Bacilli,Lactobacillales,Lactobacillaceae,NA,NA
ASV_818,Bacteria,Pseudomonadota,Gammaproteobacteria,Enterobacterales,Erwiniaceae,Pantoea,NA
ASV_819,Bacteria,Pseudomonadota,Alphaproteobacteria,Acetobacterales,Acetobacteraceae,Tanticharoenia,NA
ASV_823,Bacteria,Bacteroidota,Bacteroidia,Flavobacteriales,Weeksellaceae,Apibacter,NA
ASV_832,Bacteria,Bacteroidota,Bacteroidia,Chitinophagales,Chitinophagaceae,Sediminibacterium,salmoneum
ASV_837,Bacteria,Pseudomonadota,Gammaproteobacteria,Lysobacterales,Lysobacteraceae,Pseudoxanthomonas,NA
ASV_839,Bacteria,Pseudomonadota,Gammaproteobacteria,Cardiobacteriales,Wohlfahrtiimonadaceae,Ignatzschineria,NA
ASV_841,Bacteria,Pseudomonadota,Alphaproteobacteria,Acetobacterales,Acetobacteraceae,Commensalibacter,NA
ASV_843,Bacteria,Bacillota,Negativicutes,Veillonellales-Selenomonadales,Selenomonadaceae,Pectinatus,NA
ASV_845,Bacteria,Actinomycetota,Actinobacteria,Bifidobacteriales,Bifidobacteriaceae,NA,NA
ASV_846,Bacteria,Pseudomonadota,Alphaproteobacteria,Acetobacterales,Acetobacteraceae,Bombella,NA
ASV_847,Bacteria,Pseudomonadota,Alphaproteobacteria,Acetobacterales,Acetobacteraceae,Tanticharoenia,NA
ASV_849,Bacteria,Bacillota,Bacilli,Lactobacillales,Lactobacillaceae,Dellaglioa,NA
ASV_850,Bacteria,Bacillota,Bacilli,Lactobacillales,Lactobacillaceae,NA,NA
ASV_851,Bacteria,Bacillota,Bacilli,Lactobacillales,Lactobacillaceae,Fructobacillus,fructosus
ASV_853,Bacteria,Pseudomonadota,Gammaproteobacteria,Lysobacterales,Lysobacteraceae,Xanthomonas,NA
ASV_857,Bacteria,Bacillota,Bacilli,Lactobacillales,Lactobacillaceae,NA,NA
ASV_859,Bacteria,Pseudomonadota,Gammaproteobacteria,Burkholderiales,Neisseriaceae,Stenoxybacter,NA
ASV_861,Bacteria,Pseudomonadota,Alphaproteobacteria,Acetobacterales,Acetobacteraceae,NA,NA
ASV_864,Bacteria,Pseudomonadota,Gammaproteobacteria,Burkholderiales,Comamonadaceae,Xenophilus,NA
ASV_867,Bacteria,Actinomycetota,Actinobacteria,Bifidobacteriales,Bifidobacteriaceae,NA,NA
ASV_869,Bacteria,Pseudomonadota,Gammaproteobacteria,Pseudomonadales,Pseudomonadaceae,Pseudomonas,NA
ASV_871,Bacteria,Actinomycetota,Actinobacteria,Bifidobacteriales,Bifidobacteriaceae,Bifidobacterium,NA
ASV_873,Bacteria,Pseudomonadota,Alphaproteobacteria,Hyphomicrobiales,Rhizobiaceae,Ensifer,NA
ASV_882,Bacteria,Actinomycetota,Actinobacteria,Bifidobacteriales,Bifidobacteriaceae,Bifidobacterium,NA
ASV_887,Bacteria,Pseudomonadota,Gammaproteobacteria,Pseudomonadales,Halomonadaceae,Carnimonas,NA
ASV_890,Bacteria,Bacillota,Bacilli,Lactobacillales,Lactobacillaceae,NA,NA
ASV_894,Bacteria,Pseudomonadota,Gammaproteobacteria,Pseudomonadales,Moraxellaceae,Acinetobacter,NA
ASV_898,Bacteria,Pseudomonadota,Alphaproteobacteria,Acetobacterales,Acetobacteraceae,NA,NA
ASV_900,Bacteria,Pseudomonadota,Gammaproteobacteria,Enterobacterales,Orbaceae,Gilliamella,NA
ASV_905,Bacteria,Actinomycetota,Actinobacteria,Bifidobacteriales,Bifidobacteriaceae,NA,NA
ASV_906,Bacteria,Bacillota,Bacilli,Lactobacillales,Lactobacillaceae,NA,NA
ASV_910,Bacteria,Bacillota,Bacilli,Lactobacillales,Lactobacillaceae,NA,NA
ASV_911,Bacteria,Bacillota,Bacilli,Staphylococcales,Staphylococcaceae,Mammaliicoccus,NA
ASV_912,Bacteria,Pseudomonadota,Gammaproteobacteria,Lysobacterales,Lysobacteraceae,Stenotrophomonas,NA
ASV_913,Bacteria,Bacillota,Bacilli,Lactobacillales,Lactobacillaceae,NA,NA
ASV_921,Bacteria,Bacillota,Bacilli,Lactobacillales,Lactobacillaceae,Liquorilactobacillus,NA
ASV_925,Bacteria,Pseudomonadota,Gammaproteobacteria,Lysobacterales,Lysobacteraceae,NA,NA
ASV_927,Bacteria,Pseudomonadota,Gammaproteobacteria,Burkholderiales,Comamonadaceae,NA,NA
ASV_930,Bacteria,Pseudomonadota,Gammaproteobacteria,Enterobacterales,Enterobacteriaceae,Kluyvera,ascorbata
ASV_935,Bacteria,Pseudomonadota,Gammaproteobacteria,Enterobacterales,Erwiniaceae,Siccibacter,NA
ASV_936,Bacteria,Bacillota,Bacilli,Lactobacillales,Lactobacillaceae,NA,NA
ASV_937,Bacteria,Bacillota,Bacilli,Lactobacillales,Lactobacillaceae,NA,NA
ASV_940,Bacteria,Pseudomonadota,Gammaproteobacteria,Enterobacterales,Enterobacteriaceae,Citrobacter,NA
ASV_942,Bacteria,Bacillota,Bacilli,Lactobacillales,Lactobacillaceae,Fructobacillus,NA
ASV_945,Bacteria,Bacteroidota,Bacteroidia,Flavobacteriales,Weeksellaceae,Apibacter,NA
ASV_946,Bacteria,Pseudomonadota,Gammaproteobacteria,Burkholderiales,Comamonadaceae,Roseateles,NA
ASV_961,Bacteria,Pseudomonadota,Gammaproteobacteria,Pseudomonadales,Moraxellaceae,Enhydrobacter,aerosaccus
ASV_962,Bacteria,Pseudomonadota,Gammaproteobacteria,Lysobacterales,Lysobacteraceae,Luteimonas,NA
ASV_963,Bacteria,Pseudomonadota,Gammaproteobacteria,Burkholderiales,Comamonadaceae,Xenophilus,arseniciresistens
ASV_970,Bacteria,Pseudomonadota,Gammaproteobacteria,Enterobacterales,Orbaceae,Gilliamella,NA
ASV_971,Bacteria,Bacteroidota,Bacteroidia,Chitinophagales,Chitinophagaceae,DVSBS1,NA
ASV_972,Bacteria,Bacillota,Bacilli,Lactobacillales,Lactobacillaceae,NA,NA
ASV_981,Bacteria,Pseudomonadota,Alphaproteobacteria,Acetobacterales,Acetobacteraceae,Neokomagataea,NA
ASV_983,Bacteria,Pseudomonadota,Alphaproteobacteria,Acetobacterales,Acetobacteraceae,Asaia,krungthepensis
ASV_991,Bacteria,Bacillota,Bacilli,Lactobacillales,Lactobacillaceae,NA,NA
ASV_995,Bacteria,Actinomycetota,Actinobacteria,Bifidobacteriales,Bifidobacteriaceae,NA,NA
ASV_996,Bacteria,Pseudomonadota,Gammaproteobacteria,Burkholderiales,Comamonadaceae,Comamonas,NA
ASV_997,Bacteria,Bacteroidota,Bacteroidia,Sphingobacteriales,Sphingobacteriaceae,Sphingobacterium,NA
ASV_1000,Bacteria,Pseudomonadota,Gammaproteobacteria,Burkholderiales,Neisseriaceae,Stenoxybacter,NA
ASV_1002,Bacteria,Bacillota,Bacilli,Lactobacillales,Lactobacillaceae,NA,NA
ASV_1003,Bacteria,Bacillota,Bacilli,Lactobacillales,Lactobacillaceae,NA,NA
ASV_1008,Bacteria,Bacillota,Bacilli,Lactobacillales,Lactobacillaceae,Lactobacillus,NA
ASV_1012,Bacteria,Pseudomonadota,Gammaproteobacteria,Enterobacterales,Enterobacteriaceae,Escherichia-Shigella,NA
ASV_1014,Bacteria,Pseudomonadota,Gammaproteobacteria,Enterobacterales,Erwiniaceae,NA,NA
ASV_1017,Bacteria,Pseudomonadota,Gammaproteobacteria,Enterobacterales,Orbaceae,NA,NA
ASV_1030,Bacteria,Pseudomonadota,Gammaproteobacteria,Enterobacterales,Erwiniaceae,Erwinia,NA
ASV_1035,Bacteria,Bacillota,Bacilli,Lactobacillales,Lactobacillaceae,NA,NA
ASV_1037,Bacteria,Pseudomonadota,Alphaproteobacteria,Acetobacterales,Acetobacteraceae,Tanticharoenia,NA
ASV_1040,Bacteria,Pseudomonadota,Gammaproteobacteria,Enterobacterales,Erwiniaceae,Duffyella,NA
ASV_1045,Bacteria,Bacillota,Bacilli,Lactobacillales,Lactobacillaceae,NA,NA
ASV_1049,Bacteria,Pseudomonadota,Alphaproteobacteria,Acetobacterales,Acetobacteraceae,NA,NA
ASV_1052,Bacteria,Pseudomonadota,Alphaproteobacteria,Acetobacterales,Acetobacteraceae,NA,NA
ASV_1054,Bacteria,Bacillota,Negativicutes,Veillonellales-Selenomonadales,Selenomonadaceae,Pectinatus,NA
ASV_1070,Bacteria,Actinomycetota,Actinobacteria,Bifidobacteriales,Bifidobacteriaceae,Bifidobacterium,NA
ASV_1076,Bacteria,Bacillota,Bacilli,Lactobacillales,Lactobacillaceae,NA,NA
ASV_1081,Bacteria,Bacteroidota,Bacteroidia,NA,NA,NA,NA
ASV_1086,Bacteria,Bacillota,Bacilli,Lactobacillales,Lactobacillaceae,Dellaglioa,NA
ASV_1087,Bacteria,Pseudomonadota,Gammaproteobacteria,Enterobacterales,Enterobacteriaceae,NA,NA
ASV_1091,Bacteria,Bacillota,Bacilli,Lactobacillales,Lactobacillaceae,Lactobacillus,NA
ASV_1106,Bacteria,Pseudomonadota,Gammaproteobacteria,Burkholderiales,Neisseriaceae,Snodgrassella,alvi
ASV_1118,Bacteria,Pseudomonadota,Gammaproteobacteria,Cardiobacteriales,Wohlfahrtiimonadaceae,Ignatzschineria,NA
ASV_1119,Bacteria,Pseudomonadota,Alphaproteobacteria,Acetobacterales,Acetobacteraceae,NA,NA
ASV_1125,Bacteria,Pseudomonadota,Gammaproteobacteria,Lysobacterales,Lysobacteraceae,Xanthomonas,NA
ASV_1130,Bacteria,Pseudomonadota,Alphaproteobacteria,Hyphomicrobiales,Rhizobiaceae,Agrobacterium,NA
ASV_1141,Bacteria,Actinomycetota,Actinobacteria,Bifidobacteriales,Bifidobacteriaceae,NA,NA
ASV_1155,Bacteria,Pseudomonadota,Gammaproteobacteria,Lysobacterales,Lysobacteraceae,NA,NA
ASV_1159,Bacteria,Actinomycetota,Actinobacteria,Mycobacteriales,Corynebacteriaceae,Corynebacterium,variabile
ASV_1162,Bacteria,Bacillota,Bacilli,Lactobacillales,Lactobacillaceae,Weissella,NA
ASV_1164,Bacteria,Actinomycetota,Actinobacteria,Bifidobacteriales,Bifidobacteriaceae,NA,NA
ASV_1175,Bacteria,Pseudomonadota,Alphaproteobacteria,Rhodobacterales,Paracoccaceae,Paracoccus,NA
ASV_1180,Bacteria,Bacillota,Bacilli,Lactobacillales,Lactobacillaceae,NA,NA
ASV_1184,Bacteria,Bacillota,Bacilli,Erysipelotrichales,Erysipelotrichaceae,Turicibacter,NA
ASV_1190,Bacteria,Pseudomonadota,Gammaproteobacteria,Pseudomonadales,Halomonadaceae,Carnimonas,NA
ASV_1197,Bacteria,Bacillota,Bacilli,Staphylococcales,Staphylococcaceae,Staphylococcus,NA
ASV_1210,Bacteria,Pseudomonadota,Gammaproteobacteria,Enterobacterales,Erwiniaceae,NA,NA
ASV_1212,Bacteria,Pseudomonadota,Gammaproteobacteria,Pseudomonadales,Halomonadaceae,Halotalea,NA
ASV_1213,Bacteria,Actinomycetota,Coriobacteriia,Coriobacteriales,Atopobiaceae,Parolsenella,NA
ASV_1217,Bacteria,Pseudomonadota,Gammaproteobacteria,Enterobacterales,Orbaceae,Frischella,NA
ASV_1219,Bacteria,Pseudomonadota,Alphaproteobacteria,Acetobacterales,Acetobacteraceae,Gluconobacter,NA
ASV_1227,Bacteria,Pseudomonadota,Alphaproteobacteria,Acetobacterales,Acetobacteraceae,Commensalibacter,NA
ASV_1235,Bacteria,Pseudomonadota,Alphaproteobacteria,Acetobacterales,Acetobacteraceae,NA,NA
ASV_1236,Bacteria,Pseudomonadota,Gammaproteobacteria,Lysobacterales,Lysobacteraceae,NA,NA
ASV_1243,Bacteria,Pseudomonadota,Gammaproteobacteria,Burkholderiales,Neisseriaceae,NA,NA
ASV_1247,Bacteria,Bacillota,Bacilli,Lactobacillales,Lactobacillaceae,Lactobacillus,NA
ASV_1254,Bacteria,Actinomycetota,Actinobacteria,Bifidobacteriales,Bifidobacteriaceae,Bifidobacterium,NA
ASV_1258,Bacteria,Pseudomonadota,Alphaproteobacteria,Sphingomonadales,Sphingomonadaceae,Sphingomonas,NA
ASV_1263,Bacteria,Actinomycetota,Actinobacteria,Bifidobacteriales,Bifidobacteriaceae,Bifidobacterium,NA
ASV_1264,Bacteria,Pseudomonadota,Gammaproteobacteria,Burkholderiales,Comamonadaceae,Pseudorhodoferax,NA
ASV_1277,Bacteria,Pseudomonadota,Alphaproteobacteria,Acetobacterales,Acetobacteraceae,NA,NA
ASV_1283,Bacteria,Actinomycetota,Actinobacteria,Mycobacteriales,Corynebacteriaceae,Corynebacterium,NA
ASV_1293,Bacteria,Pseudomonadota,Gammaproteobacteria,Burkholderiales,Comamonadaceae,Pseudorhodoferax,NA
ASV_1296,Bacteria,Bacillota,Bacilli,Lactobacillales,Lactobacillaceae,NA,NA
ASV_1298,Bacteria,Bacillota,Bacilli,Lactobacillales,Lactobacillaceae,Lactobacillus,NA
ASV_1325,Bacteria,Bacillota,Bacilli,Lactobacillales,Lactobacillaceae,Dellaglioa,NA
ASV_1329,Bacteria,Pseudomonadota,Alphaproteobacteria,Acetobacterales,Acetobacteraceae,Gluconobacter,NA
ASV_1330,Bacteria,Pseudomonadota,Alphaproteobacteria,Acetobacterales,Acetobacteraceae,Neokomagataea,NA
ASV_1335,Bacteria,Pseudomonadota,Gammaproteobacteria,Enterobacterales,Erwiniaceae,NA,NA
ASV_1342,Bacteria,Pseudomonadota,Alphaproteobacteria,Acetobacterales,Acetobacteraceae,Tanticharoenia,NA
ASV_1348,Bacteria,Bacillota,Negativicutes,Veillonellales-Selenomonadales,Selenomonadaceae,Pectinatus,NA
ASV_1350,Bacteria,Pseudomonadota,Alphaproteobacteria,Rhodobacterales,Paracoccaceae,Amaricoccus,NA
ASV_1358,Bacteria,Pseudomonadota,Alphaproteobacteria,Acetobacterales,Acetobacteraceae,Endobacter,NA
ASV_1361,Bacteria,Pseudomonadota,Alphaproteobacteria,Acetobacterales,Acetobacteraceae,Acetobacter,NA
ASV_1385,Bacteria,Pseudomonadota,Gammaproteobacteria,Burkholderiales,Comamonadaceae,Limnohabitans,NA
ASV_1391,Bacteria,Pseudomonadota,Alphaproteobacteria,Acetobacterales,Acetobacteraceae,NA,NA
ASV_1397,Bacteria,Pseudomonadota,Gammaproteobacteria,Burkholderiales,Neisseriaceae,NA,NA
ASV_1427,Bacteria,Pseudomonadota,Gammaproteobacteria,Lysobacterales,Rhodanobacteraceae,Dokdonella,NA
ASV_1432,Bacteria,Pseudomonadota,Gammaproteobacteria,Burkholderiales,Comamonadaceae,Lampropedia,hyalina
ASV_1442,Bacteria,Pseudomonadota,Alphaproteobacteria,Acetobacterales,Acetobacteraceae,Bombella,NA
ASV_1443,Bacteria,Pseudomonadota,Gammaproteobacteria,Burkholderiales,Neisseriaceae,NA,NA
ASV_1460,Bacteria,Pseudomonadota,Gammaproteobacteria,Pseudomonadales,Moraxellaceae,Acinetobacter,NA
ASV_1464,Bacteria,Pseudomonadota,Gammaproteobacteria,Lysobacterales,Lysobacteraceae,Pseudoxanthomonas,NA
ASV_1497,Bacteria,Pseudomonadota,Alphaproteobacteria,Sphingomonadales,Sphingomonadaceae,Novosphingobium,NA
ASV_1523,Bacteria,Pseudomonadota,Alphaproteobacteria,Acetobacterales,Acetobacteraceae,Asaia,NA
ASV_1526,Bacteria,Pseudomonadota,Gammaproteobacteria,Burkholderiales,Alcaligenaceae,NA,NA
ASV_1544,Bacteria,Pseudomonadota,Gammaproteobacteria,Enterobacterales,Morganellaceae,Arsenophonus,NA
ASV_1556,Bacteria,Bacteroidota,Bacteroidia,Chitinophagales,Chitinophagaceae,Niabella,NA
ASV_1576,Bacteria,Pseudomonadota,Alphaproteobacteria,Hyphomicrobiales,Xanthobacteraceae,Rhodopseudomonas,NA
ASV_1580,Bacteria,Pseudomonadota,Alphaproteobacteria,Acetobacterales,Acetobacteraceae,NA,NA
ASV_1619,Bacteria,Bacillota,Bacilli,Lactobacillales,Lactobacillaceae,Fructobacillus,NA
ASV_1626,Bacteria,Bacillota,Bacilli,Lactobacillales,Lactobacillaceae,Lactobacillus,NA
ASV_1630,Bacteria,Pseudomonadota,Alphaproteobacteria,Acetobacterales,Acetobacteraceae,Gluconobacter,oxydans
ASV_1672,Bacteria,Bacillota,Bacilli,Mycoplasmatales,Mycoplasmataceae,Spiroplasma,NA
ASV_1678,Bacteria,Pseudomonadota,Alphaproteobacteria,Hyphomicrobiales,Xanthobacteraceae,NA,NA
ASV_1713,Bacteria,Pseudomonadota,Gammaproteobacteria,Lysobacterales,Lysobacteraceae,Pseudoxanthomonas,NA
