Sample_id,Sample_species,Genus,State,Weight,Local,Latitude,Longitude,Local_Name,, Latitude Longitude,,,desc,Sample_species,desc Sample_species,design,desc Sample_species design,extent,Sample_id extent
LL-IM-1,Lestrimelitta limao,Lestrimelitta,MG,,h,-19.884636,-44.419834,Florestal_UFV,, 19.885 S 44.420 W ,,,gut microbiota of ,Lestrimelitta limao,gut microbiota of  Lestrimelitta limao,was extracted and sequenced,gut microbiota of  Lestrimelitta limao was extracted and sequenced,_16S-V4V5_R1.fastq.gz,LL-IM-1_16S-V4V5_R1.fastq.gz
OT-IM-1,Oxytrigona tataira,Oxytrigona,MG,,i,-21.388393,-42.692167,Cataguases,, 21.388 S 42.692 W ,,,gut microbiota of ,Oxytrigona tataira,gut microbiota of  Oxytrigona tataira,was extracted and sequenced,gut microbiota of  Oxytrigona tataira was extracted and sequenced,_16S-V4V5_R1.fastq.gz,OT-IM-1_16S-V4V5_R1.fastq.gz
SD-IM-1,Scaptotrigona depilis,Scaptotrigona,PE,,j,-8.054791,-34.950925,Recife_UFPE,, 8.055 S  34.951 W ,,,gut microbiota of ,Scaptotrigona depilis,gut microbiota of  Scaptotrigona depilis,was extracted and sequenced,gut microbiota of  Scaptotrigona depilis was extracted and sequenced,_16S-V4V5_R1.fastq.gz,SD-IM-1_16S-V4V5_R1.fastq.gz
PP-IM-1,Plebeia phrynostoma,Plebeia,ES,,g,-20.310029,-41.11469,Venda_Nova,, 20.310 S 41.115 W ,,,gut microbiota of ,Plebeia phrynostoma,gut microbiota of  Plebeia phrynostoma,was extracted and sequenced,gut microbiota of  Plebeia phrynostoma was extracted and sequenced,_16S-V4V5_R1.fastq.gz,PP-IM-1_16S-V4V5_R1.fastq.gz
SQ-IM-1,Schwarziana quadripunctata,Schwarziana,ES,,g,-20.310029,-41.11469,Venda_Nova,, 20.310 S 41.115 W ,,,gut microbiota of ,Schwarziana quadripunctata,gut microbiota of  Schwarziana quadripunctata,was extracted and sequenced,gut microbiota of  Schwarziana quadripunctata was extracted and sequenced,_16S-V4V5_R1.fastq.gz,SQ-IM-1_16S-V4V5_R1.fastq.gz
SQ-IM-2,Schwarziana quadripunctata,Schwarziana,ES,,g,-20.310029,-41.11469,Venda_Nova,, 20.310 S 41.115 W ,,,gut microbiota of ,Schwarziana quadripunctata,gut microbiota of  Schwarziana quadripunctata,was extracted and sequenced,gut microbiota of  Schwarziana quadripunctata was extracted and sequenced,_16S-V4V5_R1.fastq.gz,SQ-IM-2_16S-V4V5_R1.fastq.gz
CC-IM-1,Cephalotrigona capitata,Cephalotrigona,MG,38.7,b,-20.760778,-42.870194,Viçosa_UFV,, 20.761 S 42.870 W ,,,gut microbiota of ,Cephalotrigona capitata,gut microbiota of  Cephalotrigona capitata,was extracted and sequenced,gut microbiota of  Cephalotrigona capitata was extracted and sequenced,_16S-V4V5_R2.fastq.gz,CC-IM-1_16S-V4V5_R1.fastq.gz
CC-IM-2,Cephalotrigona capitata,Cephalotrigona,MG,38.7,d,-20.801361,-42.86625,Viçosa_Mata,, 20.801 S 42.866 W ,,,gut microbiota of ,Cephalotrigona capitata,gut microbiota of  Cephalotrigona capitata,was extracted and sequenced,gut microbiota of  Cephalotrigona capitata was extracted and sequenced,_16S-V4V5_R2.fastq.gz,CC-IM-2_16S-V4V5_R1.fastq.gz
FS-IM-1,Friesella schrottkyi,Friesella,MG,3.4,a,-20.758611,-42.868222,Apiario_UFV,, 20.759 S 42.868 W ,,,gut microbiota of ,Friesella schrottkyi,gut microbiota of  Friesella schrottkyi,was extracted and sequenced,gut microbiota of  Friesella schrottkyi was extracted and sequenced,_16S-V4V5_R2.fastq.gz,FS-IM-1_16S-V4V5_R1.fastq.gz
FS-IM-2,Friesella schrottkyi,Friesella,MG,3.4,a,-20.758611,-42.868222,Apiario_UFV,, 20.759 S 42.868 W ,,,gut microbiota of ,Friesella schrottkyi,gut microbiota of  Friesella schrottkyi,was extracted and sequenced,gut microbiota of  Friesella schrottkyi was extracted and sequenced,_16S-V4V5_R2.fastq.gz,FS-IM-2_16S-V4V5_R1.fastq.gz
FS-IM-3,Friesella schrottkyi,Friesella,MG,3.4,c,-20.81625,-42.831639,Coimbra,, 20.816 S 42.832 W ,,,gut microbiota of ,Friesella schrottkyi,gut microbiota of  Friesella schrottkyi,was extracted and sequenced,gut microbiota of  Friesella schrottkyi was extracted and sequenced,_16S-V4V5_R2.fastq.gz,FS-IM-3_16S-V4V5_R1.fastq.gz
FV-IM-1,Frieseomelitta varia,Frieseomelitta,MG,10.8,a,-20.758611,-42.868222,Apiario_UFV,, 20.759 S 42.868 W ,,,gut microbiota of ,Frieseomelitta varia,gut microbiota of  Frieseomelitta varia,was extracted and sequenced,gut microbiota of  Frieseomelitta varia was extracted and sequenced,_16S-V4V5_R2.fastq.gz,FV-IM-1_16S-V4V5_R1.fastq.gz
FV-IM-2,Frieseomelitta varia,Frieseomelitta,MG,10.8,a,-20.758611,-42.868222,Apiario_UFV,, 20.759 S 42.868 W ,,,gut microbiota of ,Frieseomelitta varia,gut microbiota of  Frieseomelitta varia,was extracted and sequenced,gut microbiota of  Frieseomelitta varia was extracted and sequenced,_16S-V4V5_R2.fastq.gz,FV-IM-2_16S-V4V5_R1.fastq.gz
FV-IM-3,Frieseomelitta varia,Frieseomelitta,MG,10.8,a,-20.758611,-42.868222,Apiario_UFV,, 20.759 S 42.868 W ,,,gut microbiota of ,Frieseomelitta varia,gut microbiota of  Frieseomelitta varia,was extracted and sequenced,gut microbiota of  Frieseomelitta varia was extracted and sequenced,_16S-V4V5_R2.fastq.gz,FV-IM-3_16S-V4V5_R1.fastq.gz
MA-IM-1,Melipona asilvai,Melipona,MG,,a,-20.758611,-42.868222,Apiario_UFV,, 20.759 S 42.868 W ,,,gut microbiota of ,Melipona asilvai,gut microbiota of  Melipona asilvai,was extracted and sequenced,gut microbiota of  Melipona asilvai was extracted and sequenced,_16S-V4V5_R2.fastq.gz,MA-IM-1_16S-V4V5_R1.fastq.gz
MA-IM-2,Melipona asilvai,Melipona,MG,,a,-20.758611,-42.868222,Apiario_UFV,, 20.759 S 42.868 W ,,,gut microbiota of ,Melipona asilvai,gut microbiota of  Melipona asilvai,was extracted and sequenced,gut microbiota of  Melipona asilvai was extracted and sequenced,_16S-V4V5_R2.fastq.gz,MA-IM-2_16S-V4V5_R1.fastq.gz
MA-IM-3,Melipona asilvai,Melipona,MG,,a,-20.758611,-42.868222,Apiario_UFV,, 20.759 S 42.868 W ,,,gut microbiota of ,Melipona asilvai,gut microbiota of  Melipona asilvai,was extracted and sequenced,gut microbiota of  Melipona asilvai was extracted and sequenced,_16S-V4V5_R2.fastq.gz,MA-IM-3_16S-V4V5_R1.fastq.gz
MB-IM-1,Melipona bicolor,Melipona,ES,,e,-19.80575,-40.675111,Santa_Teresa_IFES,, 19.806 S 40.675 W ,,,gut microbiota of ,Melipona bicolor,gut microbiota of  Melipona bicolor,was extracted and sequenced,gut microbiota of  Melipona bicolor was extracted and sequenced,_16S-V4V5_R2.fastq.gz,MB-IM-1_16S-V4V5_R1.fastq.gz
MB-IM-2,Melipona bicolor,Melipona,ES,,e,-19.80575,-40.675111,Santa_Teresa_IFES,, 19.806 S 40.675 W ,,,gut microbiota of ,Melipona bicolor,gut microbiota of  Melipona bicolor,was extracted and sequenced,gut microbiota of  Melipona bicolor was extracted and sequenced,_16S-V4V5_R2.fastq.gz,MB-IM-2_16S-V4V5_R1.fastq.gz
MB-IM-3,Melipona bicolor,Melipona,ES,,e,-19.80575,-40.675111,Santa_Teresa_IFES,, 19.806 S 40.675 W ,,,gut microbiota of ,Melipona bicolor,gut microbiota of  Melipona bicolor,was extracted and sequenced,gut microbiota of  Melipona bicolor was extracted and sequenced,_16S-V4V5_R2.fastq.gz,MB-IM-3_16S-V4V5_R1.fastq.gz
MC-IM-1,Melipona capixaba,Melipona,ES,,e,-19.80575,-40.675111,Santa_Teresa_IFES,, 19.806 S 40.675 W ,,,gut microbiota of ,Melipona capixaba,gut microbiota of  Melipona capixaba,was extracted and sequenced,gut microbiota of  Melipona capixaba was extracted and sequenced,_16S-V4V5_R2.fastq.gz,MC-IM-1_16S-V4V5_R1.fastq.gz
MC-IM-2,Melipona capixaba,Melipona,ES,,e,-19.80575,-40.675111,Santa_Teresa_IFES,, 19.806 S 40.675 W ,,,gut microbiota of ,Melipona capixaba,gut microbiota of  Melipona capixaba,was extracted and sequenced,gut microbiota of  Melipona capixaba was extracted and sequenced,_16S-V4V5_R2.fastq.gz,MC-IM-2_16S-V4V5_R1.fastq.gz
MC-IM-3,Melipona capixaba,Melipona,ES,,e,-19.80575,-40.675111,Santa_Teresa_IFES,, 19.806 S 40.675 W ,,,gut microbiota of ,Melipona capixaba,gut microbiota of  Melipona capixaba,was extracted and sequenced,gut microbiota of  Melipona capixaba was extracted and sequenced,_16S-V4V5_R2.fastq.gz,MC-IM-3_16S-V4V5_R1.fastq.gz
MG-IM-1,Melipona marginata,Melipona,ES,,e,-19.80575,-40.675111,Santa_Teresa_IFES,, 19.806 S 40.675 W ,,,gut microbiota of ,Melipona marginata,gut microbiota of  Melipona marginata,was extracted and sequenced,gut microbiota of  Melipona marginata was extracted and sequenced,_16S-V4V5_R2.fastq.gz,MG-IM-1_16S-V4V5_R1.fastq.gz
MG-IM-2,Melipona marginata,Melipona,ES,,e,-19.80575,-40.675111,Santa_Teresa_IFES,, 19.806 S 40.675 W ,,,gut microbiota of ,Melipona marginata,gut microbiota of  Melipona marginata,was extracted and sequenced,gut microbiota of  Melipona marginata was extracted and sequenced,_16S-V4V5_R2.fastq.gz,MG-IM-2_16S-V4V5_R1.fastq.gz
MG-IM-3,Melipona marginata,Melipona,ES,,e,-19.80575,-40.675111,Santa_Teresa_IFES,, 19.806 S 40.675 W ,,,gut microbiota of ,Melipona marginata,gut microbiota of  Melipona marginata,was extracted and sequenced,gut microbiota of  Melipona marginata was extracted and sequenced,_16S-V4V5_R2.fastq.gz,MG-IM-3_16S-V4V5_R1.fastq.gz
MM-IM-1,Melipona mondury,Melipona,MG,75.1,c,-20.81625,-42.831639,Coimbra,, 20.816 S 42.832 W ,,,gut microbiota of ,Melipona mondury,gut microbiota of  Melipona mondury,was extracted and sequenced,gut microbiota of  Melipona mondury was extracted and sequenced,_16S-V4V5_R2.fastq.gz,MM-IM-1_16S-V4V5_R1.fastq.gz
MM-IM-2,Melipona mondury,Melipona,MG,75.1,c,-20.81625,-42.831639,Coimbra,, 20.816 S 42.832 W ,,,gut microbiota of ,Melipona mondury,gut microbiota of  Melipona mondury,was extracted and sequenced,gut microbiota of  Melipona mondury was extracted and sequenced,_16S-V4V5_R2.fastq.gz,MM-IM-2_16S-V4V5_R1.fastq.gz
MM-IM-3,Melipona mondury,Melipona,MG,75.1,c,-20.81625,-42.831639,Coimbra,, 20.816 S 42.832 W ,,,gut microbiota of ,Melipona mondury,gut microbiota of  Melipona mondury,was extracted and sequenced,gut microbiota of  Melipona mondury was extracted and sequenced,_16S-V4V5_R2.fastq.gz,MM-IM-3_16S-V4V5_R1.fastq.gz
MQ-IM-1,Melipona quadrifasciata,Melipona,MG,93.8,c,-20.81625,-42.831639,Coimbra,, 20.816 S 42.832 W ,,,gut microbiota of ,Melipona quadrifasciata,gut microbiota of  Melipona quadrifasciata,was extracted and sequenced,gut microbiota of  Melipona quadrifasciata was extracted and sequenced,_16S-V4V5_R2.fastq.gz,MQ-IM-1_16S-V4V5_R1.fastq.gz
MQ-IM-2,Melipona quadrifasciata,Melipona,MG,93.8,c,-20.81625,-42.831639,Coimbra,, 20.816 S 42.832 W ,,,gut microbiota of ,Melipona quadrifasciata,gut microbiota of  Melipona quadrifasciata,was extracted and sequenced,gut microbiota of  Melipona quadrifasciata was extracted and sequenced,_16S-V4V5_R2.fastq.gz,MQ-IM-2_16S-V4V5_R1.fastq.gz
MQ-IM-3,Melipona quadrifasciata,Melipona,MG,93.8,c,-20.81625,-42.831639,Coimbra,, 20.816 S 42.832 W ,,,gut microbiota of ,Melipona quadrifasciata,gut microbiota of  Melipona quadrifasciata,was extracted and sequenced,gut microbiota of  Melipona quadrifasciata was extracted and sequenced,_16S-V4V5_R2.fastq.gz,MQ-IM-3_16S-V4V5_R1.fastq.gz
MS-IM-1,Melipona scutellaris,Melipona,MG,87.2,c,-20.81625,-42.831639,Coimbra,, 20.816 S 42.832 W ,,,gut microbiota of ,Melipona scutellaris,gut microbiota of  Melipona scutellaris,was extracted and sequenced,gut microbiota of  Melipona scutellaris was extracted and sequenced,_16S-V4V5_R2.fastq.gz,MS-IM-1_16S-V4V5_R1.fastq.gz
MS-IM-2,Melipona scutellaris,Melipona,MG,87.2,c,-20.81625,-42.831639,Coimbra,, 20.816 S 42.832 W ,,,gut microbiota of ,Melipona scutellaris,gut microbiota of  Melipona scutellaris,was extracted and sequenced,gut microbiota of  Melipona scutellaris was extracted and sequenced,_16S-V4V5_R2.fastq.gz,MS-IM-2_16S-V4V5_R1.fastq.gz
MS-IM-3,Melipona scutellaris,Melipona,MG,87.2,c,-20.81625,-42.831639,Coimbra,, 20.816 S 42.832 W ,,,gut microbiota of ,Melipona scutellaris,gut microbiota of  Melipona scutellaris,was extracted and sequenced,gut microbiota of  Melipona scutellaris was extracted and sequenced,_16S-V4V5_R2.fastq.gz,MS-IM-3_16S-V4V5_R1.fastq.gz
MD-IM-1,Melipona mandacaia,Melipona,ES,,e,-19.80575,-40.675111,Santa_Teresa_IFES,, 19.806 S 40.675 W ,,,gut microbiota of ,Melipona mandacaia,gut microbiota of  Melipona mandacaia,was extracted and sequenced,gut microbiota of  Melipona mandacaia was extracted and sequenced,_16S-V4V5_R2.fastq.gz,MD-IM-1_16S-V4V5_R1.fastq.gz
MD-IM-2,Melipona mandacaia,Melipona,ES,,e,-19.80575,-40.675111,Santa_Teresa_IFES,, 19.806 S 40.675 W ,,,gut microbiota of ,Melipona mandacaia,gut microbiota of  Melipona mandacaia,was extracted and sequenced,gut microbiota of  Melipona mandacaia was extracted and sequenced,_16S-V4V5_R2.fastq.gz,MD-IM-2_16S-V4V5_R1.fastq.gz
MD-IM-3,Melipona mandacaia,Melipona,ES,,e,-19.80575,-40.675111,Santa_Teresa_IFES,, 19.806 S 40.675 W ,,,gut microbiota of ,Melipona mandacaia,gut microbiota of  Melipona mandacaia,was extracted and sequenced,gut microbiota of  Melipona mandacaia was extracted and sequenced,_16S-V4V5_R2.fastq.gz,MD-IM-3_16S-V4V5_R1.fastq.gz
NT-IM-1,Nannotrigona testaceicornis,Nannotrigona,MG,6.2,b,-20.760778,-42.870194,Viçosa_UFV,, 20.761 S 42.870 W ,,,gut microbiota of ,Nannotrigona testaceicornis,gut microbiota of  Nannotrigona testaceicornis,was extracted and sequenced,gut microbiota of  Nannotrigona testaceicornis was extracted and sequenced,_16S-V4V5_R2.fastq.gz,NT-IM-1_16S-V4V5_R1.fastq.gz
NT-IM-2,Nannotrigona testaceicornis,Nannotrigona,MG,6.2,c,-20.81625,-42.831639,Coimbra,, 20.816 S 42.832 W ,,,gut microbiota of ,Nannotrigona testaceicornis,gut microbiota of  Nannotrigona testaceicornis,was extracted and sequenced,gut microbiota of  Nannotrigona testaceicornis was extracted and sequenced,_16S-V4V5_R2.fastq.gz,NT-IM-2_16S-V4V5_R1.fastq.gz
NT-IM-3,Nannotrigona testaceicornis,Nannotrigona,MG,6.2,c,-20.81625,-42.831639,Coimbra,, 20.816 S 42.832 W ,,,gut microbiota of ,Nannotrigona testaceicornis,gut microbiota of  Nannotrigona testaceicornis,was extracted and sequenced,gut microbiota of  Nannotrigona testaceicornis was extracted and sequenced,_16S-V4V5_R2.fastq.gz,NT-IM-3_16S-V4V5_R1.fastq.gz
PH-IM-1,Partamona helleri,Partamona,MG,17.6,c,-20.81625,-42.831639,Coimbra,, 20.816 S 42.832 W ,,,gut microbiota of ,Partamona helleri,gut microbiota of  Partamona helleri,was extracted and sequenced,gut microbiota of  Partamona helleri was extracted and sequenced,_16S-V4V5_R2.fastq.gz,PH-IM-1_16S-V4V5_R1.fastq.gz
PH-IM-2,Partamona helleri,Partamona,MG,17.6,c,-20.81625,-42.831639,Coimbra,, 20.816 S 42.832 W ,,,gut microbiota of ,Partamona helleri,gut microbiota of  Partamona helleri,was extracted and sequenced,gut microbiota of  Partamona helleri was extracted and sequenced,_16S-V4V5_R2.fastq.gz,PH-IM-2_16S-V4V5_R1.fastq.gz
PH-IM-3,Partamona helleri,Partamona,MG,17.6,b,-20.760778,-42.870194,Viçosa_UFV,, 20.761 S 42.870 W ,,,gut microbiota of ,Partamona helleri,gut microbiota of  Partamona helleri,was extracted and sequenced,gut microbiota of  Partamona helleri was extracted and sequenced,_16S-V4V5_R2.fastq.gz,PH-IM-3_16S-V4V5_R1.fastq.gz
PD-IM-1,Plebeia droryana,Plebeia,MG,4.98,a,-20.758611,-42.868222,Apiario_UFV,, 20.759 S 42.868 W ,,,gut microbiota of ,Plebeia droryana,gut microbiota of  Plebeia droryana,was extracted and sequenced,gut microbiota of  Plebeia droryana was extracted and sequenced,_16S-V4V5_R2.fastq.gz,PD-IM-1_16S-V4V5_R1.fastq.gz
PD-IM-2,Plebeia droryana,Plebeia,MG,4.98,a,-20.758611,-42.868222,Apiario_UFV,, 20.759 S 42.868 W ,,,gut microbiota of ,Plebeia droryana,gut microbiota of  Plebeia droryana,was extracted and sequenced,gut microbiota of  Plebeia droryana was extracted and sequenced,_16S-V4V5_R2.fastq.gz,PD-IM-2_16S-V4V5_R1.fastq.gz
PD-IM-3,Plebeia droryana,Plebeia,MG,4.98,a,-20.758611,-42.868222,Apiario_UFV,, 20.759 S 42.868 W ,,,gut microbiota of ,Plebeia droryana,gut microbiota of  Plebeia droryana,was extracted and sequenced,gut microbiota of  Plebeia droryana was extracted and sequenced,_16S-V4V5_R2.fastq.gz,PD-IM-3_16S-V4V5_R1.fastq.gz
PL-IM-1,Plebeia lucii,Plebeia,MG,,a,-20.758611,-42.868222,Apiario_UFV,, 20.759 S 42.868 W ,,,gut microbiota of ,Plebeia lucii,gut microbiota of  Plebeia lucii,was extracted and sequenced,gut microbiota of  Plebeia lucii was extracted and sequenced,_16S-V4V5_R2.fastq.gz,PL-IM-1_16S-V4V5_R1.fastq.gz
PL-IM-2,Plebeia lucii,Plebeia,MG,,a,-20.758611,-42.868222,Apiario_UFV,, 20.759 S 42.868 W ,,,gut microbiota of ,Plebeia lucii,gut microbiota of  Plebeia lucii,was extracted and sequenced,gut microbiota of  Plebeia lucii was extracted and sequenced,_16S-V4V5_R2.fastq.gz,PL-IM-2_16S-V4V5_R1.fastq.gz
PL-IM-3,Plebeia lucii,Plebeia,MG,,a,-20.758611,-42.868222,Apiario_UFV,, 20.759 S 42.868 W ,,,gut microbiota of ,Plebeia lucii,gut microbiota of  Plebeia lucii,was extracted and sequenced,gut microbiota of  Plebeia lucii was extracted and sequenced,_16S-V4V5_R2.fastq.gz,PL-IM-3_16S-V4V5_R1.fastq.gz
SB-IM-1,Scaptotrigona bipunctata,Scaptotrigona,MG,18.4,a,-20.758611,-42.868222,Apiario_UFV,, 20.759 S 42.868 W ,,,gut microbiota of ,Scaptotrigona bipunctata,gut microbiota of  Scaptotrigona bipunctata,was extracted and sequenced,gut microbiota of  Scaptotrigona bipunctata was extracted and sequenced,_16S-V4V5_R2.fastq.gz,SB-IM-1_16S-V4V5_R1.fastq.gz
SB-IM-2,Scaptotrigona bipunctata,Scaptotrigona,MG,18.4,a,-20.758611,-42.868222,Apiario_UFV,, 20.759 S 42.868 W ,,,gut microbiota of ,Scaptotrigona bipunctata,gut microbiota of  Scaptotrigona bipunctata,was extracted and sequenced,gut microbiota of  Scaptotrigona bipunctata was extracted and sequenced,_16S-V4V5_R2.fastq.gz,SB-IM-2_16S-V4V5_R1.fastq.gz
SB-IM-3,Scaptotrigona bipunctata,Scaptotrigona,MG,18.4,a,-20.758611,-42.868222,Apiario_UFV,, 20.759 S 42.868 W ,,,gut microbiota of ,Scaptotrigona bipunctata,gut microbiota of  Scaptotrigona bipunctata,was extracted and sequenced,gut microbiota of  Scaptotrigona bipunctata was extracted and sequenced,_16S-V4V5_R2.fastq.gz,SB-IM-3_16S-V4V5_R1.fastq.gz
SP-IM-1,Scaptotrigona polysticta,Scaptotrigona,ES,,e,-19.80575,-40.675111,Santa_Teresa_IFES,, 19.806 S 40.675 W ,,,gut microbiota of ,Scaptotrigona polysticta,gut microbiota of  Scaptotrigona polysticta,was extracted and sequenced,gut microbiota of  Scaptotrigona polysticta was extracted and sequenced,_16S-V4V5_R2.fastq.gz,SP-IM-1_16S-V4V5_R1.fastq.gz
SP-IM-2,Scaptotrigona polysticta,Scaptotrigona,ES,,e,-19.80575,-40.675111,Santa_Teresa_IFES,, 19.806 S 40.675 W ,,,gut microbiota of ,Scaptotrigona polysticta,gut microbiota of  Scaptotrigona polysticta,was extracted and sequenced,gut microbiota of  Scaptotrigona polysticta was extracted and sequenced,_16S-V4V5_R2.fastq.gz,SP-IM-2_16S-V4V5_R1.fastq.gz
SP-IM-3,Scaptotrigona polysticta,Scaptotrigona,ES,,e,-19.80575,-40.675111,Santa_Teresa_IFES,, 19.806 S 40.675 W ,,,gut microbiota of ,Scaptotrigona polysticta,gut microbiota of  Scaptotrigona polysticta,was extracted and sequenced,gut microbiota of  Scaptotrigona polysticta was extracted and sequenced,_16S-V4V5_R2.fastq.gz,SP-IM-3_16S-V4V5_R1.fastq.gz
SX-IM-1,Scaptotrigona xanthotricha,Scaptotrigona,MG,20.5,a,-20.758611,-42.868222,Apiario_UFV,, 20.759 S 42.868 W ,,,gut microbiota of ,Scaptotrigona xanthotricha,gut microbiota of  Scaptotrigona xanthotricha,was extracted and sequenced,gut microbiota of  Scaptotrigona xanthotricha was extracted and sequenced,_16S-V4V5_R2.fastq.gz,SX-IM-1_16S-V4V5_R1.fastq.gz
SX-IM-2,Scaptotrigona xanthotricha,Scaptotrigona,MG,20.5,b,-20.760778,-42.870194,Viçosa_UFV,, 20.761 S 42.870 W ,,,gut microbiota of ,Scaptotrigona xanthotricha,gut microbiota of  Scaptotrigona xanthotricha,was extracted and sequenced,gut microbiota of  Scaptotrigona xanthotricha was extracted and sequenced,_16S-V4V5_R2.fastq.gz,SX-IM-2_16S-V4V5_R1.fastq.gz
SX-IM-3,Scaptotrigona xanthotricha,Scaptotrigona,MG,20.5,b,-20.760778,-42.870194,Viçosa_UFV,, 20.761 S 42.870 W ,,,gut microbiota of ,Scaptotrigona xanthotricha,gut microbiota of  Scaptotrigona xanthotricha,was extracted and sequenced,gut microbiota of  Scaptotrigona xanthotricha was extracted and sequenced,_16S-V4V5_R2.fastq.gz,SX-IM-3_16S-V4V5_R1.fastq.gz
TC-IM-1,Tetragona clavipes,Tetragona,MG,15.3,b,-20.760778,-42.870194,Viçosa_UFV,, 20.761 S 42.870 W ,,,gut microbiota of ,Tetragona clavipes,gut microbiota of  Tetragona clavipes,was extracted and sequenced,gut microbiota of  Tetragona clavipes was extracted and sequenced,_16S-V4V5_R2.fastq.gz,TC-IM-1_16S-V4V5_R1.fastq.gz
TC-IM-2,Tetragona clavipes,Tetragona,MG,15.3,a,-20.758611,-42.868222,Apiario_UFV,, 20.759 S 42.868 W ,,,gut microbiota of ,Tetragona clavipes,gut microbiota of  Tetragona clavipes,was extracted and sequenced,gut microbiota of  Tetragona clavipes was extracted and sequenced,_16S-V4V5_R2.fastq.gz,TC-IM-2_16S-V4V5_R1.fastq.gz
TC-IM-3,Tetragona clavipes,Tetragona,MG,15.3,c,-20.81625,-42.831639,Coimbra,, 20.816 S 42.832 W ,,,gut microbiota of ,Tetragona clavipes,gut microbiota of  Tetragona clavipes,was extracted and sequenced,gut microbiota of  Tetragona clavipes was extracted and sequenced,_16S-V4V5_R2.fastq.gz,TC-IM-3_16S-V4V5_R1.fastq.gz
TA-IM-1,Tetragonisca angustula,Tetragonisca,MG,3.1,a,-20.758611,-42.868222,Apiario_UFV,, 20.759 S 42.868 W ,,,gut microbiota of ,Tetragonisca angustula,gut microbiota of  Tetragonisca angustula,was extracted and sequenced,gut microbiota of  Tetragonisca angustula was extracted and sequenced,_16S-V4V5_R2.fastq.gz,TA-IM-1_16S-V4V5_R1.fastq.gz
TA-IM-2,Tetragonisca angustula,Tetragonisca,MG,3.1,a,-20.758611,-42.868222,Apiario_UFV,, 20.759 S 42.868 W ,,,gut microbiota of ,Tetragonisca angustula,gut microbiota of  Tetragonisca angustula,was extracted and sequenced,gut microbiota of  Tetragonisca angustula was extracted and sequenced,_16S-V4V5_R2.fastq.gz,TA-IM-2_16S-V4V5_R1.fastq.gz
TA-IM-3,Tetragonisca angustula,Tetragonisca,MG,3.1,a,-20.758611,-42.868222,Apiario_UFV,, 20.759 S 42.868 W ,,,gut microbiota of ,Tetragonisca angustula,gut microbiota of  Tetragonisca angustula,was extracted and sequenced,gut microbiota of  Tetragonisca angustula was extracted and sequenced,_16S-V4V5_R2.fastq.gz,TA-IM-3_16S-V4V5_R1.fastq.gz
TH-IM-2,Trigona hyalinata,Trigona,MG,25.2,a,-20.758611,-42.868222,Apiario_UFV,, 20.759 S 42.868 W ,,,gut microbiota of ,Trigona hyalinata,gut microbiota of  Trigona hyalinata,was extracted and sequenced,gut microbiota of  Trigona hyalinata was extracted and sequenced,_16S-V4V5_R2.fastq.gz,TH-IM-2_16S-V4V5_R1.fastq.gz
TH-IM-3,Trigona hyalinata,Trigona,MG,25.2,b,-20.760778,-42.870194,Viçosa_UFV,, 20.761 S 42.870 W ,,,gut microbiota of ,Trigona hyalinata,gut microbiota of  Trigona hyalinata,was extracted and sequenced,gut microbiota of  Trigona hyalinata was extracted and sequenced,_16S-V4V5_R2.fastq.gz,TH-IM-3_16S-V4V5_R1.fastq.gz
TS-IM-1,Trigona spinipes,Trigona,MG,21.1,c,-20.81625,-42.831639,Coimbra,, 20.816 S 42.832 W ,,,gut microbiota of ,Trigona spinipes,gut microbiota of  Trigona spinipes,was extracted and sequenced,gut microbiota of  Trigona spinipes was extracted and sequenced,_16S-V4V5_R2.fastq.gz,TS-IM-1_16S-V4V5_R1.fastq.gz
TS-IM-2,Trigona spinipes,Trigona,MG,21.1,b,-20.760778,-42.870194,Viçosa_UFV,, 20.761 S 42.870 W ,,,gut microbiota of ,Trigona spinipes,gut microbiota of  Trigona spinipes,was extracted and sequenced,gut microbiota of  Trigona spinipes was extracted and sequenced,_16S-V4V5_R2.fastq.gz,TS-IM-2_16S-V4V5_R1.fastq.gz
TS-IM-3,Trigona spinipes,Trigona,MG,21.1,a,-20.758611,-42.868222,Apiario_UFV,, 20.759 S 42.868 W ,,,gut microbiota of ,Trigona spinipes,gut microbiota of  Trigona spinipes,was extracted and sequenced,gut microbiota of  Trigona spinipes was extracted and sequenced,_16S-V4V5_R2.fastq.gz,TS-IM-3_16S-V4V5_R1.fastq.gz
MP-IM-1,Melipona captiosa,Melipona,AM,,f,-2.034444,-60.025833,Amazonas,, 2.034 S  60.026 W ,,,gut microbiota of ,Melipona captiosa,gut microbiota of  Melipona captiosa,was extracted and sequenced,gut microbiota of  Melipona captiosa was extracted and sequenced,_16S-V4V5_R2.fastq.gz,MP-IM-1_16S-V4V5_R1.fastq.gz
MP-IM-2,Melipona captiosa,Melipona,AM,,f,-2.034444,-60.025833,Amazonas,, 2.034 S  60.026 W ,,,gut microbiota of ,Melipona captiosa,gut microbiota of  Melipona captiosa,was extracted and sequenced,gut microbiota of  Melipona captiosa was extracted and sequenced,_16S-V4V5_R2.fastq.gz,MP-IM-2_16S-V4V5_R1.fastq.gz
MP-IM-3,Melipona captiosa,Melipona,AM,,f,-2.034444,-60.025833,Amazonas,, 2.034 S  60.026 W ,,,gut microbiota of ,Melipona captiosa,gut microbiota of  Melipona captiosa,was extracted and sequenced,gut microbiota of  Melipona captiosa was extracted and sequenced,_16S-V4V5_R2.fastq.gz,MP-IM-3_16S-V4V5_R1.fastq.gz
MF-IM-2,Melipona fulva,Melipona,AM,,f,-2.034444,-60.025833,Amazonas,, 2.034 S  60.026 W ,,,gut microbiota of ,Melipona fulva,gut microbiota of  Melipona fulva,was extracted and sequenced,gut microbiota of  Melipona fulva was extracted and sequenced,_16S-V4V5_R2.fastq.gz,MF-IM-2_16S-V4V5_R1.fastq.gz
MF-IM-3,Melipona fulva,Melipona,AM,,f,-2.034444,-60.025833,Amazonas,, 2.034 S  60.026 W ,,,gut microbiota of ,Melipona fulva,gut microbiota of  Melipona fulva,was extracted and sequenced,gut microbiota of  Melipona fulva was extracted and sequenced,_16S-V4V5_R2.fastq.gz,MF-IM-3_16S-V4V5_R1.fastq.gz
