"Sample_species","Genus","RelAbundance"
"Cephalotrigona capitata","Acinetobacter",0
"Cephalotrigona capitata","Apibacter",0
"Cephalotrigona capitata","Apilactobacillus",0.0359941300287086
"Cephalotrigona capitata","Arsenophonus",0
"Cephalotrigona capitata","Asaia",0
"Cephalotrigona capitata","Bifidobacterium",0.0100806939041832
"Cephalotrigona capitata","Bombella",0.0176642497064922
"Cephalotrigona capitata","Bombilactobacillus",0.0249936303233016
"Cephalotrigona capitata","Candidatus Kinetoplastibacterium",0
"Cephalotrigona capitata","Commensalibacter",0.053130079557851
"Cephalotrigona capitata","Dellaglioa",0.0006606433519716
"Cephalotrigona capitata","Dysgonomonas",0
"Cephalotrigona capitata","Enterococcus",0
"Cephalotrigona capitata","Floricoccus",0.0109876651110043
"Cephalotrigona capitata","Fructilactobacillus",0.54824670884842
"Cephalotrigona capitata","Fructobacillus",0.153092120518489
"Cephalotrigona capitata","Lactobacillus",0.0487209006982246
"Cephalotrigona capitata","Lelliottia",0
"Cephalotrigona capitata","Leuconostoc",0
"Cephalotrigona capitata","Ligilactobacillus",0.0512637235226912
"Cephalotrigona capitata","Liquorilactobacillus",0
"Cephalotrigona capitata","Lonsdalea",0
"Cephalotrigona capitata","Orbaceae_NA",6.24819429245838e-05
"Cephalotrigona capitata","Other",0.00121389844080998
"Cephalotrigona capitata","Pectinatus",0.00649844374102833
"Cephalotrigona capitata","Pseudomonas",0
"Cephalotrigona capitata","Rosenbergiella",0
"Cephalotrigona capitata","Snodgrassella",0
"Cephalotrigona capitata","Swingsia",0
"Cephalotrigona capitata","Tatumella",0
"Cephalotrigona capitata","Weissella",0.0140634119217274
"Cephalotrigona capitata","Zymobacter",0
"Cephalotrigona capitata",NA,0.0233272183821718
"Friesella schrottickyi","Acinetobacter",0.00133087840150497
"Friesella schrottickyi","Apibacter",0
"Friesella schrottickyi","Apilactobacillus",0
"Friesella schrottickyi","Arsenophonus",0
"Friesella schrottickyi","Asaia",0
"Friesella schrottickyi","Bifidobacterium",0
"Friesella schrottickyi","Bombella",0.00256216495166806
"Friesella schrottickyi","Bombilactobacillus",0
"Friesella schrottickyi","Candidatus Kinetoplastibacterium",0
"Friesella schrottickyi","Commensalibacter",0
"Friesella schrottickyi","Dellaglioa",0.0926315516492857
"Friesella schrottickyi","Dysgonomonas",0
"Friesella schrottickyi","Enterococcus",0
"Friesella schrottickyi","Floricoccus",0
"Friesella schrottickyi","Fructilactobacillus",0
"Friesella schrottickyi","Fructobacillus",0.234702110974984
"Friesella schrottickyi","Lactobacillus",0
"Friesella schrottickyi","Lelliottia",0
"Friesella schrottickyi","Leuconostoc",0.00426073045590561
"Friesella schrottickyi","Ligilactobacillus",0
"Friesella schrottickyi","Liquorilactobacillus",0
"Friesella schrottickyi","Lonsdalea",0.213450293711763
"Friesella schrottickyi","Orbaceae_NA",0
"Friesella schrottickyi","Other",0.00150578084684252
"Friesella schrottickyi","Pectinatus",0
"Friesella schrottickyi","Pseudomonas",0
"Friesella schrottickyi","Rosenbergiella",0.00214131621598668
"Friesella schrottickyi","Snodgrassella",0
"Friesella schrottickyi","Swingsia",0
"Friesella schrottickyi","Tatumella",0
"Friesella schrottickyi","Weissella",0
"Friesella schrottickyi","Zymobacter",0.344358554392441
"Friesella schrottickyi",NA,0.103056618399618
"Frieseomelitta varia","Acinetobacter",0.0135167342173713
"Frieseomelitta varia","Apibacter",0
"Frieseomelitta varia","Apilactobacillus",0.000144723002191362
"Frieseomelitta varia","Arsenophonus",0.119886429334002
"Frieseomelitta varia","Asaia",0.00025408953183247
"Frieseomelitta varia","Bifidobacterium",0.00396032155770938
"Frieseomelitta varia","Bombella",0.0544502718676902
"Frieseomelitta varia","Bombilactobacillus",0.0451977144845354
"Frieseomelitta varia","Candidatus Kinetoplastibacterium",0
"Frieseomelitta varia","Commensalibacter",0
"Frieseomelitta varia","Dellaglioa",0.000247858689801049
"Frieseomelitta varia","Dysgonomonas",0
"Frieseomelitta varia","Enterococcus",0
"Frieseomelitta varia","Floricoccus",0
"Frieseomelitta varia","Fructilactobacillus",0
"Frieseomelitta varia","Fructobacillus",0
"Frieseomelitta varia","Lactobacillus",0.0293317667149846
"Frieseomelitta varia","Lelliottia",0
"Frieseomelitta varia","Leuconostoc",0.000582608406101399
"Frieseomelitta varia","Ligilactobacillus",1.03423816083043e-05
"Frieseomelitta varia","Liquorilactobacillus",0
"Frieseomelitta varia","Lonsdalea",0
"Frieseomelitta varia","Orbaceae_NA",0.0534143034752444
"Frieseomelitta varia","Other",0.000983466735746039
"Frieseomelitta varia","Pectinatus",0
"Frieseomelitta varia","Pseudomonas",0
"Frieseomelitta varia","Rosenbergiella",0.005127927414505
"Frieseomelitta varia","Snodgrassella",0.661863953866959
"Frieseomelitta varia","Swingsia",0
"Frieseomelitta varia","Tatumella",0
"Frieseomelitta varia","Weissella",0
"Frieseomelitta varia","Zymobacter",0.00221865998929525
"Frieseomelitta varia",NA,0.0088088283304236
"Lestrimelita limao","Acinetobacter",0.000164973108048995
"Lestrimelita limao","Apibacter",0.0232464784931182
"Lestrimelita limao","Apilactobacillus",0
"Lestrimelita limao","Arsenophonus",0
"Lestrimelita limao","Asaia",0
"Lestrimelita limao","Bifidobacterium",0.0032966340505562
"Lestrimelita limao","Bombella",0
"Lestrimelita limao","Bombilactobacillus",0
"Lestrimelita limao","Candidatus Kinetoplastibacterium",0
"Lestrimelita limao","Commensalibacter",0
"Lestrimelita limao","Dellaglioa",0
"Lestrimelita limao","Dysgonomonas",0
"Lestrimelita limao","Enterococcus",0.799801411614959
"Lestrimelita limao","Floricoccus",0
"Lestrimelita limao","Fructilactobacillus",0
"Lestrimelita limao","Fructobacillus",0
"Lestrimelita limao","Lactobacillus",0.0619513300035416
"Lestrimelita limao","Lelliottia",0
"Lestrimelita limao","Leuconostoc",0
"Lestrimelita limao","Ligilactobacillus",0
"Lestrimelita limao","Liquorilactobacillus",0
"Lestrimelita limao","Lonsdalea",0
"Lestrimelita limao","Orbaceae_NA",0
"Lestrimelita limao","Other",1.09420939012088e-05
"Lestrimelita limao","Pectinatus",0
"Lestrimelita limao","Pseudomonas",0
"Lestrimelita limao","Rosenbergiella",0
"Lestrimelita limao","Snodgrassella",0
"Lestrimelita limao","Swingsia",0
"Lestrimelita limao","Tatumella",0
"Lestrimelita limao","Weissella",0
"Lestrimelita limao","Zymobacter",0
"Lestrimelita limao",NA,0.111528230635874
"Melipona asilvai","Acinetobacter",0.00385855867830568
"Melipona asilvai","Apibacter",0
"Melipona asilvai","Apilactobacillus",0
"Melipona asilvai","Arsenophonus",0
"Melipona asilvai","Asaia",0
"Melipona asilvai","Bifidobacterium",0.0856317012665269
"Melipona asilvai","Bombella",0.000156704976001168
"Melipona asilvai","Bombilactobacillus",0
"Melipona asilvai","Candidatus Kinetoplastibacterium",0
"Melipona asilvai","Commensalibacter",0.000113031096679071
"Melipona asilvai","Dellaglioa",0.0897767721388207
"Melipona asilvai","Dysgonomonas",0
"Melipona asilvai","Enterococcus",0
"Melipona asilvai","Floricoccus",0.12617884667614
"Melipona asilvai","Fructilactobacillus",0
"Melipona asilvai","Fructobacillus",0
"Melipona asilvai","Lactobacillus",0.296014509563829
"Melipona asilvai","Lelliottia",0
"Melipona asilvai","Leuconostoc",8.61877368006422e-05
"Melipona asilvai","Ligilactobacillus",0.146598416307755
"Melipona asilvai","Liquorilactobacillus",0
"Melipona asilvai","Lonsdalea",0
"Melipona asilvai","Orbaceae_NA",0
"Melipona asilvai","Other",0.000198983366451011
"Melipona asilvai","Pectinatus",0
"Melipona asilvai","Pseudomonas",0.0385830889058238
"Melipona asilvai","Rosenbergiella",0
"Melipona asilvai","Snodgrassella",0
"Melipona asilvai","Swingsia",0
"Melipona asilvai","Tatumella",0
"Melipona asilvai","Weissella",0
"Melipona asilvai","Zymobacter",0
"Melipona asilvai",NA,0.212803199286866
"Melipona bicolor","Acinetobacter",0
"Melipona bicolor","Apibacter",0
"Melipona bicolor","Apilactobacillus",0
"Melipona bicolor","Arsenophonus",0
"Melipona bicolor","Asaia",0
"Melipona bicolor","Bifidobacterium",0.0309644714520875
"Melipona bicolor","Bombella",0.00212050591036637
"Melipona bicolor","Bombilactobacillus",0.00909134246623316
"Melipona bicolor","Candidatus Kinetoplastibacterium",0
"Melipona bicolor","Commensalibacter",0.334792966728739
"Melipona bicolor","Dellaglioa",0.0104627015188612
"Melipona bicolor","Dysgonomonas",0
"Melipona bicolor","Enterococcus",0
"Melipona bicolor","Floricoccus",0.34497479779899
"Melipona bicolor","Fructilactobacillus",0
"Melipona bicolor","Fructobacillus",0
"Melipona bicolor","Lactobacillus",0.1037813267758
"Melipona bicolor","Lelliottia",0
"Melipona bicolor","Leuconostoc",0
"Melipona bicolor","Ligilactobacillus",0.0100513430402685
"Melipona bicolor","Liquorilactobacillus",0
"Melipona bicolor","Lonsdalea",0
"Melipona bicolor","Orbaceae_NA",0
"Melipona bicolor","Other",4.04219893746714e-05
"Melipona bicolor","Pectinatus",0
"Melipona bicolor","Pseudomonas",0.00274467209554198
"Melipona bicolor","Rosenbergiella",0
"Melipona bicolor","Snodgrassella",0.00029431232072945
"Melipona bicolor","Swingsia",0
"Melipona bicolor","Tatumella",0
"Melipona bicolor","Weissella",0.119331709939914
"Melipona bicolor","Zymobacter",0
"Melipona bicolor",NA,0.0313494279630945
"Melipona capixaba","Acinetobacter",0.0129199797453254
"Melipona capixaba","Apibacter",0
"Melipona capixaba","Apilactobacillus",0.0390948909933558
"Melipona capixaba","Arsenophonus",0
"Melipona capixaba","Asaia",7.63031771363344e-05
"Melipona capixaba","Bifidobacterium",0.020583320764147
"Melipona capixaba","Bombella",0.0313091423063019
"Melipona capixaba","Bombilactobacillus",0
"Melipona capixaba","Candidatus Kinetoplastibacterium",0
"Melipona capixaba","Commensalibacter",2.63035665623138e-05
"Melipona capixaba","Dellaglioa",0.00433933772959471
"Melipona capixaba","Dysgonomonas",0
"Melipona capixaba","Enterococcus",5.07283069416052e-05
"Melipona capixaba","Floricoccus",0.0379430730200366
"Melipona capixaba","Fructilactobacillus",0
"Melipona capixaba","Fructobacillus",7.70739162993277e-05
"Melipona capixaba","Lactobacillus",0.0955606264919209
"Melipona capixaba","Lelliottia",0.00122085083418135
"Melipona capixaba","Leuconostoc",0.0245418578319802
"Melipona capixaba","Ligilactobacillus",0.0101279706026883
"Melipona capixaba","Liquorilactobacillus",0
"Melipona capixaba","Lonsdalea",0
"Melipona capixaba","Orbaceae_NA",0.000226747892031375
"Melipona capixaba","Other",0.000841953245309426
"Melipona capixaba","Pectinatus",0.0157638525993962
"Melipona capixaba","Pseudomonas",0.0018585379849284
"Melipona capixaba","Rosenbergiella",0.211536683945318
"Melipona capixaba","Snodgrassella",0
"Melipona capixaba","Swingsia",0.444212296263072
"Melipona capixaba","Tatumella",0
"Melipona capixaba","Weissella",0.0319559528333487
"Melipona capixaba","Zymobacter",0
"Melipona capixaba",NA,0.0157325159501245
"Melipona captiosa","Acinetobacter",0.00179868563653924
"Melipona captiosa","Apibacter",0
"Melipona captiosa","Apilactobacillus",0.0207746983829106
"Melipona captiosa","Arsenophonus",0
"Melipona captiosa","Asaia",0.0467828534201633
"Melipona captiosa","Bifidobacterium",0.00674631826436986
"Melipona captiosa","Bombella",0.000844023905555554
"Melipona captiosa","Bombilactobacillus",0
"Melipona captiosa","Candidatus Kinetoplastibacterium",0
"Melipona captiosa","Commensalibacter",0
"Melipona captiosa","Dellaglioa",0.00015557396601186
"Melipona captiosa","Dysgonomonas",0
"Melipona captiosa","Enterococcus",0
"Melipona captiosa","Floricoccus",0.0134015531173887
"Melipona captiosa","Fructilactobacillus",0
"Melipona captiosa","Fructobacillus",0.000857714799492943
"Melipona captiosa","Lactobacillus",0.0160006921677858
"Melipona captiosa","Lelliottia",0.000703302008585634
"Melipona captiosa","Leuconostoc",0.0267115545415281
"Melipona captiosa","Ligilactobacillus",0
"Melipona captiosa","Liquorilactobacillus",0
"Melipona captiosa","Lonsdalea",0
"Melipona captiosa","Orbaceae_NA",2.4239340392072e-05
"Melipona captiosa","Other",9.72000805206202e-05
"Melipona captiosa","Pectinatus",0
"Melipona captiosa","Pseudomonas",0.000124761695360841
"Melipona captiosa","Rosenbergiella",0.0189000472232885
"Melipona captiosa","Snodgrassella",0.0201432647787409
"Melipona captiosa","Swingsia",0.806759830833978
"Melipona captiosa","Tatumella",0
"Melipona captiosa","Weissella",0.015975589883021
"Melipona captiosa","Zymobacter",0
"Melipona captiosa",NA,0.00319809595436691
"Melipona fulva","Acinetobacter",0.00134523591171553
"Melipona fulva","Apibacter",0
"Melipona fulva","Apilactobacillus",0.105794925059422
"Melipona fulva","Arsenophonus",0
"Melipona fulva","Asaia",0.00112548736492723
"Melipona fulva","Bifidobacterium",0.02675622580961
"Melipona fulva","Bombella",0.0193255420724143
"Melipona fulva","Bombilactobacillus",0
"Melipona fulva","Candidatus Kinetoplastibacterium",0
"Melipona fulva","Commensalibacter",0
"Melipona fulva","Dellaglioa",0.00298169261973385
"Melipona fulva","Dysgonomonas",0
"Melipona fulva","Enterococcus",0
"Melipona fulva","Floricoccus",0.591178350256998
"Melipona fulva","Fructilactobacillus",0
"Melipona fulva","Fructobacillus",0
"Melipona fulva","Lactobacillus",0.0305363484835412
"Melipona fulva","Lelliottia",0
"Melipona fulva","Leuconostoc",0.00715053117860555
"Melipona fulva","Ligilactobacillus",0.00161436988239053
"Melipona fulva","Liquorilactobacillus",0
"Melipona fulva","Lonsdalea",0
"Melipona fulva","Orbaceae_NA",0
"Melipona fulva","Other",0.000249027439672445
"Melipona fulva","Pectinatus",0.00244977209377588
"Melipona fulva","Pseudomonas",0.000432023474900355
"Melipona fulva","Rosenbergiella",0.13715248410809
"Melipona fulva","Snodgrassella",0
"Melipona fulva","Swingsia",0
"Melipona fulva","Tatumella",0.0544942551771369
"Melipona fulva","Weissella",0.000684055034911241
"Melipona fulva","Zymobacter",0
"Melipona fulva",NA,0.0167296740321546
"Melipona mandacaia","Acinetobacter",0.00104534487551805
"Melipona mandacaia","Apibacter",0
"Melipona mandacaia","Apilactobacillus",0.0155367096388813
"Melipona mandacaia","Arsenophonus",0
"Melipona mandacaia","Asaia",0.00389718852811321
"Melipona mandacaia","Bifidobacterium",0.0121384996162839
"Melipona mandacaia","Bombella",0.055093008169663
"Melipona mandacaia","Bombilactobacillus",0
"Melipona mandacaia","Candidatus Kinetoplastibacterium",0
"Melipona mandacaia","Commensalibacter",0.00018878767968182
"Melipona mandacaia","Dellaglioa",0.00608329963705381
"Melipona mandacaia","Dysgonomonas",0
"Melipona mandacaia","Enterococcus",0
"Melipona mandacaia","Floricoccus",0.360774762725799
"Melipona mandacaia","Fructilactobacillus",0
"Melipona mandacaia","Fructobacillus",0.00011413364816927
"Melipona mandacaia","Lactobacillus",0.483089158473066
"Melipona mandacaia","Lelliottia",0
"Melipona mandacaia","Leuconostoc",0.000369067155404291
"Melipona mandacaia","Ligilactobacillus",0
"Melipona mandacaia","Liquorilactobacillus",0
"Melipona mandacaia","Lonsdalea",0
"Melipona mandacaia","Orbaceae_NA",5.23112554109155e-05
"Melipona mandacaia","Other",0.000529210921970035
"Melipona mandacaia","Pectinatus",0
"Melipona mandacaia","Pseudomonas",0.0141692733981115
"Melipona mandacaia","Rosenbergiella",0.0321277430361172
"Melipona mandacaia","Snodgrassella",0.000899753593067747
"Melipona mandacaia","Swingsia",0
"Melipona mandacaia","Tatumella",0
"Melipona mandacaia","Weissella",0
"Melipona mandacaia","Zymobacter",0.000732357575752818
"Melipona mandacaia",NA,0.0131593900719359
"Melipona marginata","Acinetobacter",5.15331811628594e-05
"Melipona marginata","Apibacter",0
"Melipona marginata","Apilactobacillus",0
"Melipona marginata","Arsenophonus",0
"Melipona marginata","Asaia",0
"Melipona marginata","Bifidobacterium",0.000942357104161575
"Melipona marginata","Bombella",0.00666850105840228
"Melipona marginata","Bombilactobacillus",0
"Melipona marginata","Candidatus Kinetoplastibacterium",0
"Melipona marginata","Commensalibacter",0.651246656995161
"Melipona marginata","Dellaglioa",0.00226744208258461
"Melipona marginata","Dysgonomonas",0
"Melipona marginata","Enterococcus",0
"Melipona marginata","Floricoccus",0.00884499175449979
"Melipona marginata","Fructilactobacillus",0
"Melipona marginata","Fructobacillus",0
"Melipona marginata","Lactobacillus",0.1222810618518
"Melipona marginata","Lelliottia",0
"Melipona marginata","Leuconostoc",0.000376992843557944
"Melipona marginata","Ligilactobacillus",0
"Melipona marginata","Liquorilactobacillus",0
"Melipona marginata","Lonsdalea",0
"Melipona marginata","Orbaceae_NA",0
"Melipona marginata","Other",9.9732241091428e-05
"Melipona marginata","Pectinatus",0
"Melipona marginata","Pseudomonas",0.000735342634973628
"Melipona marginata","Rosenbergiella",0.00922640258035646
"Melipona marginata","Snodgrassella",0
"Melipona marginata","Swingsia",0
"Melipona marginata","Tatumella",0
"Melipona marginata","Weissella",0.193402869583404
"Melipona marginata","Zymobacter",0
"Melipona marginata",NA,0.00385611608884445
"Melipona mondury","Acinetobacter",0.000506059432701823
"Melipona mondury","Apibacter",0
"Melipona mondury","Apilactobacillus",0.0322537544865385
"Melipona mondury","Arsenophonus",0
"Melipona mondury","Asaia",0
"Melipona mondury","Bifidobacterium",0.00628482890064271
"Melipona mondury","Bombella",0.0414983179778334
"Melipona mondury","Bombilactobacillus",0
"Melipona mondury","Candidatus Kinetoplastibacterium",0.409994937116005
"Melipona mondury","Commensalibacter",0.22716749904165
"Melipona mondury","Dellaglioa",0.00999875337319151
"Melipona mondury","Dysgonomonas",0
"Melipona mondury","Enterococcus",0
"Melipona mondury","Floricoccus",0.0689982245446491
"Melipona mondury","Fructilactobacillus",0
"Melipona mondury","Fructobacillus",0.0157009261966926
"Melipona mondury","Lactobacillus",0.0224158860827477
"Melipona mondury","Lelliottia",0
"Melipona mondury","Leuconostoc",0.00943239609724433
"Melipona mondury","Ligilactobacillus",0.000119850932945695
"Melipona mondury","Liquorilactobacillus",0
"Melipona mondury","Lonsdalea",0
"Melipona mondury","Orbaceae_NA",6.24223609092161e-06
"Melipona mondury","Other",0.000924309611003836
"Melipona mondury","Pectinatus",0.000585729819864811
"Melipona mondury","Pseudomonas",0
"Melipona mondury","Rosenbergiella",0.000923850941456398
"Melipona mondury","Snodgrassella",0
"Melipona mondury","Swingsia",0
"Melipona mondury","Tatumella",0
"Melipona mondury","Weissella",0.146722581637005
"Melipona mondury","Zymobacter",0
"Melipona mondury",NA,0.00646585157173634
"Melipona quadrifasciata","Acinetobacter",0.0121565681196917
"Melipona quadrifasciata","Apibacter",0
"Melipona quadrifasciata","Apilactobacillus",0.0780364842552666
"Melipona quadrifasciata","Arsenophonus",5.12530366326716e-05
"Melipona quadrifasciata","Asaia",0
"Melipona quadrifasciata","Bifidobacterium",0.0297643113227116
"Melipona quadrifasciata","Bombella",0.0592940255973373
"Melipona quadrifasciata","Bombilactobacillus",0
"Melipona quadrifasciata","Candidatus Kinetoplastibacterium",0
"Melipona quadrifasciata","Commensalibacter",0.00549379912167999
"Melipona quadrifasciata","Dellaglioa",0.00269621746783223
"Melipona quadrifasciata","Dysgonomonas",0
"Melipona quadrifasciata","Enterococcus",0
"Melipona quadrifasciata","Floricoccus",0.0831390515724111
"Melipona quadrifasciata","Fructilactobacillus",0
"Melipona quadrifasciata","Fructobacillus",0.00183584519538441
"Melipona quadrifasciata","Lactobacillus",0.0495777086455437
"Melipona quadrifasciata","Lelliottia",0
"Melipona quadrifasciata","Leuconostoc",0.00285662045106816
"Melipona quadrifasciata","Ligilactobacillus",0.000146437247521919
"Melipona quadrifasciata","Liquorilactobacillus",0
"Melipona quadrifasciata","Lonsdalea",0
"Melipona quadrifasciata","Orbaceae_NA",8.78623485131513e-05
"Melipona quadrifasciata","Other",5.66443256161592e-05
"Melipona quadrifasciata","Pectinatus",0.0172132046120692
"Melipona quadrifasciata","Pseudomonas",0
"Melipona quadrifasciata","Rosenbergiella",0
"Melipona quadrifasciata","Snodgrassella",0
"Melipona quadrifasciata","Swingsia",0.641200392635332
"Melipona quadrifasciata","Tatumella",0
"Melipona quadrifasciata","Weissella",0.012001798407378
"Melipona quadrifasciata","Zymobacter",0
"Melipona quadrifasciata",NA,0.00439177563800983
"Melipona scutellaris","Acinetobacter",0.00378805023180382
"Melipona scutellaris","Apibacter",0
"Melipona scutellaris","Apilactobacillus",0.049501837565302
"Melipona scutellaris","Arsenophonus",0.000642370280652982
"Melipona scutellaris","Asaia",0.000401481425408114
"Melipona scutellaris","Bifidobacterium",0.0117170723998434
"Melipona scutellaris","Bombella",0.496936412319297
"Melipona scutellaris","Bombilactobacillus",0
"Melipona scutellaris","Candidatus Kinetoplastibacterium",0
"Melipona scutellaris","Commensalibacter",0
"Melipona scutellaris","Dellaglioa",0.000779181792358572
"Melipona scutellaris","Dysgonomonas",0
"Melipona scutellaris","Enterococcus",0
"Melipona scutellaris","Floricoccus",0.100115025857473
"Melipona scutellaris","Fructilactobacillus",0
"Melipona scutellaris","Fructobacillus",0.000716807661401197
"Melipona scutellaris","Lactobacillus",0.262177220981491
"Melipona scutellaris","Lelliottia",0
"Melipona scutellaris","Leuconostoc",0.0176720749730531
"Melipona scutellaris","Ligilactobacillus",0.00240982254258399
"Melipona scutellaris","Liquorilactobacillus",0
"Melipona scutellaris","Lonsdalea",0
"Melipona scutellaris","Orbaceae_NA",3.68088217493577e-05
"Melipona scutellaris","Other",0.000253691891939889
"Melipona scutellaris","Pectinatus",0.0344478137863009
"Melipona scutellaris","Pseudomonas",0.000446299142677751
"Melipona scutellaris","Rosenbergiella",0.000963555420979473
"Melipona scutellaris","Snodgrassella",0
"Melipona scutellaris","Swingsia",0
"Melipona scutellaris","Tatumella",0
"Melipona scutellaris","Weissella",0
"Melipona scutellaris","Zymobacter",0
"Melipona scutellaris",NA,0.0169944729056833
"Nannotrigona testaceicornis","Acinetobacter",0.0257245401615616
"Nannotrigona testaceicornis","Apibacter",0
"Nannotrigona testaceicornis","Apilactobacillus",0
"Nannotrigona testaceicornis","Arsenophonus",0.0105009067286312
"Nannotrigona testaceicornis","Asaia",6.55277266801776e-05
"Nannotrigona testaceicornis","Bifidobacterium",0
"Nannotrigona testaceicornis","Bombella",0.115003333408901
"Nannotrigona testaceicornis","Bombilactobacillus",0
"Nannotrigona testaceicornis","Candidatus Kinetoplastibacterium",0
"Nannotrigona testaceicornis","Commensalibacter",0
"Nannotrigona testaceicornis","Dellaglioa",0.0022817158740343
"Nannotrigona testaceicornis","Dysgonomonas",0
"Nannotrigona testaceicornis","Enterococcus",0
"Nannotrigona testaceicornis","Floricoccus",0
"Nannotrigona testaceicornis","Fructilactobacillus",0
"Nannotrigona testaceicornis","Fructobacillus",0
"Nannotrigona testaceicornis","Lactobacillus",1.22399517635477e-05
"Nannotrigona testaceicornis","Lelliottia",0.384184693010769
"Nannotrigona testaceicornis","Leuconostoc",0.00050262705715506
"Nannotrigona testaceicornis","Ligilactobacillus",7.51958671891714e-05
"Nannotrigona testaceicornis","Liquorilactobacillus",0
"Nannotrigona testaceicornis","Lonsdalea",0
"Nannotrigona testaceicornis","Orbaceae_NA",8.09671626267441e-05
"Nannotrigona testaceicornis","Other",9.13582738861569e-05
"Nannotrigona testaceicornis","Pectinatus",5.73139231624782e-06
"Nannotrigona testaceicornis","Pseudomonas",0.000466887871882089
"Nannotrigona testaceicornis","Rosenbergiella",0.0127849620866059
"Nannotrigona testaceicornis","Snodgrassella",0
"Nannotrigona testaceicornis","Swingsia",0
"Nannotrigona testaceicornis","Tatumella",0
"Nannotrigona testaceicornis","Weissella",0.428586616884935
"Nannotrigona testaceicornis","Zymobacter",0
"Nannotrigona testaceicornis",NA,0.0196326965410631
"Oxytrigona tataira","Acinetobacter",0
"Oxytrigona tataira","Apibacter",0
"Oxytrigona tataira","Apilactobacillus",0
"Oxytrigona tataira","Arsenophonus",0
"Oxytrigona tataira","Asaia",0.000672054922465342
"Oxytrigona tataira","Bifidobacterium",0.00908618255173143
"Oxytrigona tataira","Bombella",0
"Oxytrigona tataira","Bombilactobacillus",0
"Oxytrigona tataira","Candidatus Kinetoplastibacterium",0
"Oxytrigona tataira","Commensalibacter",0
"Oxytrigona tataira","Dellaglioa",0
"Oxytrigona tataira","Dysgonomonas",0
"Oxytrigona tataira","Enterococcus",0.000821400460790974
"Oxytrigona tataira","Floricoccus",0
"Oxytrigona tataira","Fructilactobacillus",0
"Oxytrigona tataira","Fructobacillus",0
"Oxytrigona tataira","Lactobacillus",0.116190828817341
"Oxytrigona tataira","Lelliottia",0
"Oxytrigona tataira","Leuconostoc",0.000392032038104783
"Oxytrigona tataira","Ligilactobacillus",0
"Oxytrigona tataira","Liquorilactobacillus",0
"Oxytrigona tataira","Lonsdalea",0
"Oxytrigona tataira","Orbaceae_NA",0
"Oxytrigona tataira","Other",0
"Oxytrigona tataira","Pectinatus",0.872700653205828
"Oxytrigona tataira","Pseudomonas",0
"Oxytrigona tataira","Rosenbergiella",0
"Oxytrigona tataira","Snodgrassella",0
"Oxytrigona tataira","Swingsia",0
"Oxytrigona tataira","Tatumella",0
"Oxytrigona tataira","Weissella",0
"Oxytrigona tataira","Zymobacter",0
"Oxytrigona tataira",NA,0.000136848003737713
"Partamona helleri","Acinetobacter",0.00427952306773901
"Partamona helleri","Apibacter",0.301359387090063
"Partamona helleri","Apilactobacillus",0
"Partamona helleri","Arsenophonus",0
"Partamona helleri","Asaia",0
"Partamona helleri","Bifidobacterium",0.0122281997689784
"Partamona helleri","Bombella",0.00580424397190874
"Partamona helleri","Bombilactobacillus",0
"Partamona helleri","Candidatus Kinetoplastibacterium",0
"Partamona helleri","Commensalibacter",0.0960365383107486
"Partamona helleri","Dellaglioa",4.26489232836298e-05
"Partamona helleri","Dysgonomonas",0
"Partamona helleri","Enterococcus",0.017453732389707
"Partamona helleri","Floricoccus",0.000149870724325207
"Partamona helleri","Fructilactobacillus",0
"Partamona helleri","Fructobacillus",0.0144717001262742
"Partamona helleri","Lactobacillus",0.0278801450407136
"Partamona helleri","Lelliottia",0
"Partamona helleri","Leuconostoc",0
"Partamona helleri","Ligilactobacillus",0
"Partamona helleri","Liquorilactobacillus",0.127691978586853
"Partamona helleri","Lonsdalea",0
"Partamona helleri","Orbaceae_NA",0.0271534808115762
"Partamona helleri","Other",0.0184726810082217
"Partamona helleri","Pectinatus",0.299470291519981
"Partamona helleri","Pseudomonas",0
"Partamona helleri","Rosenbergiella",0
"Partamona helleri","Snodgrassella",0
"Partamona helleri","Swingsia",0
"Partamona helleri","Tatumella",0
"Partamona helleri","Weissella",0
"Partamona helleri","Zymobacter",0
"Partamona helleri",NA,0.0475055786596269
"Plebeia droryana","Acinetobacter",0
"Plebeia droryana","Apibacter",0
"Plebeia droryana","Apilactobacillus",0
"Plebeia droryana","Arsenophonus",0
"Plebeia droryana","Asaia",0
"Plebeia droryana","Bifidobacterium",0.0572727554157299
"Plebeia droryana","Bombella",0.398671639513353
"Plebeia droryana","Bombilactobacillus",0
"Plebeia droryana","Candidatus Kinetoplastibacterium",0
"Plebeia droryana","Commensalibacter",0
"Plebeia droryana","Dellaglioa",0.0200767513983786
"Plebeia droryana","Dysgonomonas",0
"Plebeia droryana","Enterococcus",0
"Plebeia droryana","Floricoccus",0
"Plebeia droryana","Fructilactobacillus",0
"Plebeia droryana","Fructobacillus",0
"Plebeia droryana","Lactobacillus",0.177756387768486
"Plebeia droryana","Lelliottia",0
"Plebeia droryana","Leuconostoc",0
"Plebeia droryana","Ligilactobacillus",0.165929298016246
"Plebeia droryana","Liquorilactobacillus",0
"Plebeia droryana","Lonsdalea",0
"Plebeia droryana","Orbaceae_NA",0
"Plebeia droryana","Other",1.07828300374142e-05
"Plebeia droryana","Pectinatus",0
"Plebeia droryana","Pseudomonas",0
"Plebeia droryana","Rosenbergiella",0
"Plebeia droryana","Snodgrassella",0
"Plebeia droryana","Swingsia",0
"Plebeia droryana","Tatumella",0
"Plebeia droryana","Weissella",0
"Plebeia droryana","Zymobacter",0
"Plebeia droryana",NA,0.180282385057769
"Plebeia lucii","Acinetobacter",0
"Plebeia lucii","Apibacter",0.000497969347630743
"Plebeia lucii","Apilactobacillus",0
"Plebeia lucii","Arsenophonus",0
"Plebeia lucii","Asaia",0
"Plebeia lucii","Bifidobacterium",0.00483269704305118
"Plebeia lucii","Bombella",0
"Plebeia lucii","Bombilactobacillus",0.0113613708955563
"Plebeia lucii","Candidatus Kinetoplastibacterium",0
"Plebeia lucii","Commensalibacter",0.000344183402129302
"Plebeia lucii","Dellaglioa",0.132960342962515
"Plebeia lucii","Dysgonomonas",0
"Plebeia lucii","Enterococcus",0.000938682005807187
"Plebeia lucii","Floricoccus",0
"Plebeia lucii","Fructilactobacillus",0
"Plebeia lucii","Fructobacillus",0.00552969036148234
"Plebeia lucii","Lactobacillus",0
"Plebeia lucii","Lelliottia",0
"Plebeia lucii","Leuconostoc",0
"Plebeia lucii","Ligilactobacillus",0.0295807945729906
"Plebeia lucii","Liquorilactobacillus",0
"Plebeia lucii","Lonsdalea",0
"Plebeia lucii","Orbaceae_NA",0.00192085686872725
"Plebeia lucii","Other",0
"Plebeia lucii","Pectinatus",0
"Plebeia lucii","Pseudomonas",0.00100476322159891
"Plebeia lucii","Rosenbergiella",0
"Plebeia lucii","Snodgrassella",0
"Plebeia lucii","Swingsia",0
"Plebeia lucii","Tatumella",0
"Plebeia lucii","Weissella",0.425713480980626
"Plebeia lucii","Zymobacter",0
"Plebeia lucii",NA,0.385315168337886
"Plebeia phrynostoma","Acinetobacter",0.0920594487935289
"Plebeia phrynostoma","Apibacter",0
"Plebeia phrynostoma","Apilactobacillus",0
"Plebeia phrynostoma","Arsenophonus",0
"Plebeia phrynostoma","Asaia",0
"Plebeia phrynostoma","Bifidobacterium",0
"Plebeia phrynostoma","Bombella",0.681137081163986
"Plebeia phrynostoma","Bombilactobacillus",0
"Plebeia phrynostoma","Candidatus Kinetoplastibacterium",0
"Plebeia phrynostoma","Commensalibacter",0
"Plebeia phrynostoma","Dellaglioa",0
"Plebeia phrynostoma","Dysgonomonas",0
"Plebeia phrynostoma","Enterococcus",0
"Plebeia phrynostoma","Floricoccus",0
"Plebeia phrynostoma","Fructilactobacillus",0
"Plebeia phrynostoma","Fructobacillus",0
"Plebeia phrynostoma","Lactobacillus",0.100251179406512
"Plebeia phrynostoma","Lelliottia",0
"Plebeia phrynostoma","Leuconostoc",0
"Plebeia phrynostoma","Ligilactobacillus",0
"Plebeia phrynostoma","Liquorilactobacillus",0
"Plebeia phrynostoma","Lonsdalea",0
"Plebeia phrynostoma","Orbaceae_NA",0
"Plebeia phrynostoma","Other",0.00149415494599061
"Plebeia phrynostoma","Pectinatus",0
"Plebeia phrynostoma","Pseudomonas",0
"Plebeia phrynostoma","Rosenbergiella",0
"Plebeia phrynostoma","Snodgrassella",0
"Plebeia phrynostoma","Swingsia",0
"Plebeia phrynostoma","Tatumella",0
"Plebeia phrynostoma","Weissella",0
"Plebeia phrynostoma","Zymobacter",0.0811371413095509
"Plebeia phrynostoma",NA,0.0439209943804316
"Scaptotrigona bipunctata","Acinetobacter",0.000117806490344063
"Scaptotrigona bipunctata","Apibacter",0
"Scaptotrigona bipunctata","Apilactobacillus",0.0550171491713646
"Scaptotrigona bipunctata","Arsenophonus",0.00158545022369193
"Scaptotrigona bipunctata","Asaia",0
"Scaptotrigona bipunctata","Bifidobacterium",0.0663406676284114
"Scaptotrigona bipunctata","Bombella",0.0150104668803224
"Scaptotrigona bipunctata","Bombilactobacillus",0.379685930468046
"Scaptotrigona bipunctata","Candidatus Kinetoplastibacterium",0
"Scaptotrigona bipunctata","Commensalibacter",0
"Scaptotrigona bipunctata","Dellaglioa",0.00068286965615022
"Scaptotrigona bipunctata","Dysgonomonas",0
"Scaptotrigona bipunctata","Enterococcus",0
"Scaptotrigona bipunctata","Floricoccus",0.0145734946945638
"Scaptotrigona bipunctata","Fructilactobacillus",0
"Scaptotrigona bipunctata","Fructobacillus",0
"Scaptotrigona bipunctata","Lactobacillus",0.356373338466006
"Scaptotrigona bipunctata","Lelliottia",0
"Scaptotrigona bipunctata","Leuconostoc",0
"Scaptotrigona bipunctata","Ligilactobacillus",0.00429214430602444
"Scaptotrigona bipunctata","Liquorilactobacillus",0
"Scaptotrigona bipunctata","Lonsdalea",0
"Scaptotrigona bipunctata","Orbaceae_NA",0.000383066137476391
"Scaptotrigona bipunctata","Other",0.00727633005592399
"Scaptotrigona bipunctata","Pectinatus",0.00111415392512238
"Scaptotrigona bipunctata","Pseudomonas",0.0243273392789711
"Scaptotrigona bipunctata","Rosenbergiella",0
"Scaptotrigona bipunctata","Snodgrassella",0.00320679466332775
"Scaptotrigona bipunctata","Swingsia",0
"Scaptotrigona bipunctata","Tatumella",0
"Scaptotrigona bipunctata","Weissella",0
"Scaptotrigona bipunctata","Zymobacter",0
"Scaptotrigona bipunctata",NA,0.0700129979542535
"Scaptotrigona depilis","Acinetobacter",0
"Scaptotrigona depilis","Apibacter",0
"Scaptotrigona depilis","Apilactobacillus",0.162314701682737
"Scaptotrigona depilis","Arsenophonus",0
"Scaptotrigona depilis","Asaia",0
"Scaptotrigona depilis","Bifidobacterium",0.0428188865926691
"Scaptotrigona depilis","Bombella",0.0408896464870185
"Scaptotrigona depilis","Bombilactobacillus",0.0119388499584823
"Scaptotrigona depilis","Candidatus Kinetoplastibacterium",0
"Scaptotrigona depilis","Commensalibacter",0
"Scaptotrigona depilis","Dellaglioa",0
"Scaptotrigona depilis","Dysgonomonas",0
"Scaptotrigona depilis","Enterococcus",0
"Scaptotrigona depilis","Floricoccus",0
"Scaptotrigona depilis","Fructilactobacillus",0
"Scaptotrigona depilis","Fructobacillus",0.00239020898045202
"Scaptotrigona depilis","Lactobacillus",0.574722684979201
"Scaptotrigona depilis","Lelliottia",0
"Scaptotrigona depilis","Leuconostoc",0
"Scaptotrigona depilis","Ligilactobacillus",0
"Scaptotrigona depilis","Liquorilactobacillus",0
"Scaptotrigona depilis","Lonsdalea",0
"Scaptotrigona depilis","Orbaceae_NA",0
"Scaptotrigona depilis","Other",0.000620417764696411
"Scaptotrigona depilis","Pectinatus",0
"Scaptotrigona depilis","Pseudomonas",0
"Scaptotrigona depilis","Rosenbergiella",0
"Scaptotrigona depilis","Snodgrassella",0
"Scaptotrigona depilis","Swingsia",0
"Scaptotrigona depilis","Tatumella",0
"Scaptotrigona depilis","Weissella",0.0062600711392791
"Scaptotrigona depilis","Zymobacter",0
"Scaptotrigona depilis",NA,0.158044532415465
"Scaptotrigona polysticta","Acinetobacter",0.002753223839978
"Scaptotrigona polysticta","Apibacter",0
"Scaptotrigona polysticta","Apilactobacillus",0.013941097294802
"Scaptotrigona polysticta","Arsenophonus",0
"Scaptotrigona polysticta","Asaia",0.00027617273055459
"Scaptotrigona polysticta","Bifidobacterium",0.0391861781245641
"Scaptotrigona polysticta","Bombella",0.0811268044785484
"Scaptotrigona polysticta","Bombilactobacillus",0.0478278639385251
"Scaptotrigona polysticta","Candidatus Kinetoplastibacterium",0
"Scaptotrigona polysticta","Commensalibacter",0
"Scaptotrigona polysticta","Dellaglioa",0.000838639360736198
"Scaptotrigona polysticta","Dysgonomonas",0
"Scaptotrigona polysticta","Enterococcus",0.000455611281906675
"Scaptotrigona polysticta","Floricoccus",0.0911121012228698
"Scaptotrigona polysticta","Fructilactobacillus",0
"Scaptotrigona polysticta","Fructobacillus",0.0823572003159777
"Scaptotrigona polysticta","Lactobacillus",0.225021684477232
"Scaptotrigona polysticta","Lelliottia",0.00741721047775186
"Scaptotrigona polysticta","Leuconostoc",0
"Scaptotrigona polysticta","Ligilactobacillus",0.000957864554773705
"Scaptotrigona polysticta","Liquorilactobacillus",0
"Scaptotrigona polysticta","Lonsdalea",0
"Scaptotrigona polysticta","Orbaceae_NA",0.00173594287777171
"Scaptotrigona polysticta","Other",0.00275099624385057
"Scaptotrigona polysticta","Pectinatus",0
"Scaptotrigona polysticta","Pseudomonas",0.00239469566601146
"Scaptotrigona polysticta","Rosenbergiella",0.0673178151649756
"Scaptotrigona polysticta","Snodgrassella",0
"Scaptotrigona polysticta","Swingsia",0
"Scaptotrigona polysticta","Tatumella",0.31428897588799
"Scaptotrigona polysticta","Weissella",0
"Scaptotrigona polysticta","Zymobacter",0.00110469092221836
"Scaptotrigona polysticta",NA,0.0171352311389625
"Scaptotrigona xanthotricha","Acinetobacter",0.00412550323073945
"Scaptotrigona xanthotricha","Apibacter",0
"Scaptotrigona xanthotricha","Apilactobacillus",0.0159345298265249
"Scaptotrigona xanthotricha","Arsenophonus",0
"Scaptotrigona xanthotricha","Asaia",0.000651136751238536
"Scaptotrigona xanthotricha","Bifidobacterium",0.00897527503499665
"Scaptotrigona xanthotricha","Bombella",0.0319993511474336
"Scaptotrigona xanthotricha","Bombilactobacillus",0.0420509674157218
"Scaptotrigona xanthotricha","Candidatus Kinetoplastibacterium",0
"Scaptotrigona xanthotricha","Commensalibacter",3.57092542522655e-05
"Scaptotrigona xanthotricha","Dellaglioa",0.00109907774215984
"Scaptotrigona xanthotricha","Dysgonomonas",0.478384496596199
"Scaptotrigona xanthotricha","Enterococcus",0.0231964094635555
"Scaptotrigona xanthotricha","Floricoccus",0.0947929828540216
"Scaptotrigona xanthotricha","Fructilactobacillus",0
"Scaptotrigona xanthotricha","Fructobacillus",0.0730033992872729
"Scaptotrigona xanthotricha","Lactobacillus",0.0387587560747384
"Scaptotrigona xanthotricha","Lelliottia",0.000475648819306836
"Scaptotrigona xanthotricha","Leuconostoc",0
"Scaptotrigona xanthotricha","Ligilactobacillus",0
"Scaptotrigona xanthotricha","Liquorilactobacillus",0
"Scaptotrigona xanthotricha","Lonsdalea",0
"Scaptotrigona xanthotricha","Orbaceae_NA",2.5564579748781e-05
"Scaptotrigona xanthotricha","Other",0.00227838122050102
"Scaptotrigona xanthotricha","Pectinatus",0.000981284271539947
"Scaptotrigona xanthotricha","Pseudomonas",0.0763052091854028
"Scaptotrigona xanthotricha","Rosenbergiella",0
"Scaptotrigona xanthotricha","Snodgrassella",0
"Scaptotrigona xanthotricha","Swingsia",0
"Scaptotrigona xanthotricha","Tatumella",0
"Scaptotrigona xanthotricha","Weissella",0.10074694174148
"Scaptotrigona xanthotricha","Zymobacter",0
"Scaptotrigona xanthotricha",NA,0.00617937550316576
"Schwarziana quadrifasciata","Acinetobacter",0.000787078157749572
"Schwarziana quadrifasciata","Apibacter",0
"Schwarziana quadrifasciata","Apilactobacillus",0.00512358377007559
"Schwarziana quadrifasciata","Arsenophonus",0
"Schwarziana quadrifasciata","Asaia",0
"Schwarziana quadrifasciata","Bifidobacterium",0.00302041347552242
"Schwarziana quadrifasciata","Bombella",0.00318166189027006
"Schwarziana quadrifasciata","Bombilactobacillus",0.0562114747780894
"Schwarziana quadrifasciata","Candidatus Kinetoplastibacterium",0
"Schwarziana quadrifasciata","Commensalibacter",0.637054688767735
"Schwarziana quadrifasciata","Dellaglioa",0
"Schwarziana quadrifasciata","Dysgonomonas",0
"Schwarziana quadrifasciata","Enterococcus",0
"Schwarziana quadrifasciata","Floricoccus",0
"Schwarziana quadrifasciata","Fructilactobacillus",0
"Schwarziana quadrifasciata","Fructobacillus",0.00773242012314254
"Schwarziana quadrifasciata","Lactobacillus",0.0361473183898913
"Schwarziana quadrifasciata","Lelliottia",0
"Schwarziana quadrifasciata","Leuconostoc",0.000144685914625321
"Schwarziana quadrifasciata","Ligilactobacillus",0
"Schwarziana quadrifasciata","Liquorilactobacillus",0
"Schwarziana quadrifasciata","Lonsdalea",0
"Schwarziana quadrifasciata","Orbaceae_NA",0.07749274992827
"Schwarziana quadrifasciata","Other",0.0020374156432468
"Schwarziana quadrifasciata","Pectinatus",0
"Schwarziana quadrifasciata","Pseudomonas",0
"Schwarziana quadrifasciata","Rosenbergiella",0
"Schwarziana quadrifasciata","Snodgrassella",0
"Schwarziana quadrifasciata","Swingsia",0.160799191197169
"Schwarziana quadrifasciata","Tatumella",0
"Schwarziana quadrifasciata","Weissella",0.000702947283922049
"Schwarziana quadrifasciata","Zymobacter",0
"Schwarziana quadrifasciata",NA,0.00956437068029154
"Tetragona clavipes","Acinetobacter",0.0016199545392522
"Tetragona clavipes","Apibacter",0
"Tetragona clavipes","Apilactobacillus",0.0058526611173689
"Tetragona clavipes","Arsenophonus",0
"Tetragona clavipes","Asaia",0
"Tetragona clavipes","Bifidobacterium",0.000922057779087582
"Tetragona clavipes","Bombella",8.82566749910438e-05
"Tetragona clavipes","Bombilactobacillus",0
"Tetragona clavipes","Candidatus Kinetoplastibacterium",0
"Tetragona clavipes","Commensalibacter",0.565267790722183
"Tetragona clavipes","Dellaglioa",0
"Tetragona clavipes","Dysgonomonas",0
"Tetragona clavipes","Enterococcus",0
"Tetragona clavipes","Floricoccus",0
"Tetragona clavipes","Fructilactobacillus",0
"Tetragona clavipes","Fructobacillus",0
"Tetragona clavipes","Lactobacillus",0.0420908552937269
"Tetragona clavipes","Lelliottia",0
"Tetragona clavipes","Leuconostoc",0.000567578493568315
"Tetragona clavipes","Ligilactobacillus",0.329513543545025
"Tetragona clavipes","Liquorilactobacillus",0
"Tetragona clavipes","Lonsdalea",0.0041913488755814
"Tetragona clavipes","Orbaceae_NA",0
"Tetragona clavipes","Other",0.000124859598972167
"Tetragona clavipes","Pectinatus",0
"Tetragona clavipes","Pseudomonas",0
"Tetragona clavipes","Rosenbergiella",0
"Tetragona clavipes","Snodgrassella",0
"Tetragona clavipes","Swingsia",0
"Tetragona clavipes","Tatumella",0
"Tetragona clavipes","Weissella",0
"Tetragona clavipes","Zymobacter",0.023256164941594
"Tetragona clavipes",NA,0.0265049284186496
"Tetragonisca angustula","Acinetobacter",0.00187016683215421
"Tetragonisca angustula","Apibacter",0
"Tetragonisca angustula","Apilactobacillus",0
"Tetragonisca angustula","Arsenophonus",0
"Tetragonisca angustula","Asaia",0.00896676849946432
"Tetragonisca angustula","Bifidobacterium",0.000322541127838269
"Tetragonisca angustula","Bombella",0.00078066612801901
"Tetragonisca angustula","Bombilactobacillus",0.099947032446
"Tetragonisca angustula","Candidatus Kinetoplastibacterium",0
"Tetragonisca angustula","Commensalibacter",8.07977089130957e-06
"Tetragonisca angustula","Dellaglioa",0.00027420878936792
"Tetragonisca angustula","Dysgonomonas",0
"Tetragonisca angustula","Enterococcus",0
"Tetragonisca angustula","Floricoccus",0
"Tetragonisca angustula","Fructilactobacillus",0
"Tetragonisca angustula","Fructobacillus",0
"Tetragonisca angustula","Lactobacillus",0.00335421550058578
"Tetragonisca angustula","Lelliottia",0
"Tetragonisca angustula","Leuconostoc",0
"Tetragonisca angustula","Ligilactobacillus",0
"Tetragonisca angustula","Liquorilactobacillus",0
"Tetragonisca angustula","Lonsdalea",0
"Tetragonisca angustula","Orbaceae_NA",0
"Tetragonisca angustula","Other",3.54145802054153e-07
"Tetragonisca angustula","Pectinatus",0
"Tetragonisca angustula","Pseudomonas",0
"Tetragonisca angustula","Rosenbergiella",0
"Tetragonisca angustula","Snodgrassella",0.870872318353639
"Tetragonisca angustula","Swingsia",0
"Tetragonisca angustula","Tatumella",0
"Tetragonisca angustula","Weissella",0
"Tetragonisca angustula","Zymobacter",0.000257449430486026
"Tetragonisca angustula",NA,0.0133461989757519
"Trigona hyalinata","Acinetobacter",0.000367861281611079
"Trigona hyalinata","Apibacter",0.000225702316671605
"Trigona hyalinata","Apilactobacillus",0.0442953482218551
"Trigona hyalinata","Arsenophonus",0
"Trigona hyalinata","Asaia",0.00239109833047202
"Trigona hyalinata","Bifidobacterium",0.000575175043101958
"Trigona hyalinata","Bombella",0
"Trigona hyalinata","Bombilactobacillus",0.146234051021079
"Trigona hyalinata","Candidatus Kinetoplastibacterium",0
"Trigona hyalinata","Commensalibacter",0.000147902237325898
"Trigona hyalinata","Dellaglioa",0.000583634273413442
"Trigona hyalinata","Dysgonomonas",0
"Trigona hyalinata","Enterococcus",0
"Trigona hyalinata","Floricoccus",0
"Trigona hyalinata","Fructilactobacillus",0
"Trigona hyalinata","Fructobacillus",0.018900815565541
"Trigona hyalinata","Lactobacillus",0.00555170646978437
"Trigona hyalinata","Lelliottia",0
"Trigona hyalinata","Leuconostoc",0.246610189414315
"Trigona hyalinata","Ligilactobacillus",0
"Trigona hyalinata","Liquorilactobacillus",0
"Trigona hyalinata","Lonsdalea",0.258172200292909
"Trigona hyalinata","Orbaceae_NA",0.106345139083126
"Trigona hyalinata","Other",0.00154031177809581
"Trigona hyalinata","Pectinatus",0.00206273646020478
"Trigona hyalinata","Pseudomonas",0
"Trigona hyalinata","Rosenbergiella",0
"Trigona hyalinata","Snodgrassella",0
"Trigona hyalinata","Swingsia",0
"Trigona hyalinata","Tatumella",0
"Trigona hyalinata","Weissella",0
"Trigona hyalinata","Zymobacter",0.12177071790893
"Trigona hyalinata",NA,0.044225410301564
"Trigona spinipes","Acinetobacter",0.00138139684832872
"Trigona spinipes","Apibacter",0.000124819558199721
"Trigona spinipes","Apilactobacillus",0.0465054526465538
"Trigona spinipes","Arsenophonus",0
"Trigona spinipes","Asaia",0.00286124833411669
"Trigona spinipes","Bifidobacterium",0.0028036259144659
"Trigona spinipes","Bombella",0.00196219836946135
"Trigona spinipes","Bombilactobacillus",0.028366309208404
"Trigona spinipes","Candidatus Kinetoplastibacterium",0
"Trigona spinipes","Commensalibacter",0.0471431628134652
"Trigona spinipes","Dellaglioa",0.000702859124042456
"Trigona spinipes","Dysgonomonas",0
"Trigona spinipes","Enterococcus",0.00117834615261889
"Trigona spinipes","Floricoccus",0.149988301935173
"Trigona spinipes","Fructilactobacillus",0
"Trigona spinipes","Fructobacillus",0.0225647056255374
"Trigona spinipes","Lactobacillus",0.0260632693806278
"Trigona spinipes","Lelliottia",0
"Trigona spinipes","Leuconostoc",0.052753241498832
"Trigona spinipes","Ligilactobacillus",0.000112657652528979
"Trigona spinipes","Liquorilactobacillus",0
"Trigona spinipes","Lonsdalea",0
"Trigona spinipes","Orbaceae_NA",0.0484109647502049
"Trigona spinipes","Other",0.00113089362390578
"Trigona spinipes","Pectinatus",1.60025074615027e-05
"Trigona spinipes","Pseudomonas",0.00128385831291142
"Trigona spinipes","Rosenbergiella",0.54252340896285
"Trigona spinipes","Snodgrassella",0
"Trigona spinipes","Swingsia",0
"Trigona spinipes","Tatumella",0.0099599606440393
"Trigona spinipes","Weissella",0.000343346105913169
"Trigona spinipes","Zymobacter",0
"Trigona spinipes",NA,0.0118199700303583
