Pathway	Pathway_Name	Top_Level	Second_Level
1CMET2-PWY	N10-formyl-tetrahydrofolate biosynthesis	Biosynthesis	"Cofactor, Prosthetic Group, Electron Carrier, and Vitamin Biosynthesis"
3-HYDROXYPHENYLACETATE-DEGRADATION-PWY	4-hydroxyphenylacetate degradation	Degradation/Utilization/Assimilation	Aromatic Compound Degradation
AEROBACTINSYN-PWY	aerobactin biosynthesis	Biosynthesis	Secondary Metabolite Biosynthesis
ALL-CHORISMATE-PWY	superpathway of chorismate metabolism	Superpathways	superpathway of chorismate metabolism
ANAEROFRUCAT-PWY	homolactic fermentation	Generation of Precursor Metabolite and Energy	Fermentation
ANAGLYCOLYSIS-PWY	glycolysis III (from glucose)	Generation of Precursor Metabolite and Energy	Glycolysis
ARG+POLYAMINE-SYN	superpathway of arginine and polyamine biosynthesis	Biosynthesis	Amine and Polyamine Biosynthesis
ARGDEG-PWY	"superpathway of L-arginine, putrescine, and 4-aminobutanoate degradation"	Degradation/Utilization/Assimilation	Amino Acid Degradation
ARGORNPROST-PWY	L-arginine degradation (Stickland reaction)	Degradation/Utilization/Assimilation	Amino Acid Degradation
ARGSYN-PWY	L-arginine biosynthesis I (via L-ornithine)	Biosynthesis	Amino Acid Biosynthesis
ARGSYNBSUB-PWY	L-arginine biosynthesis II (acetyl cycle)	Biosynthesis	Amino Acid Biosynthesis
ARO-PWY	chorismate biosynthesis I	Biosynthesis	Aromatic Compound Biosynthesis
ASPASN-PWY	superpathway of L-aspartate and L-asparagine biosynthesis	Biosynthesis	Amino Acid Biosynthesis
AST-PWY	L-arginine degradation II (AST pathway)	Degradation/Utilization/Assimilation	Amino Acid Degradation
BIOTIN-BIOSYNTHESIS-PWY	biotin biosynthesis I	Biosynthesis	"Cofactor, Prosthetic Group, Electron Carrier, and Vitamin Biosynthesis"
BRANCHED-CHAIN-AA-SYN-PWY	superpathway of branched chain amino acid biosynthesis	Biosynthesis	Amino Acid Biosynthesis
CALVIN-PWY	Calvin-Benson-Bassham cycle	Degradation/Utilization/Assimilation	C1 Compound Utilization and Assimilation
CATECHOL-ORTHO-CLEAVAGE-PWY	catechol degradation to beta-ketoadipate	Degradation/Utilization/Assimilation	Aromatic Compound Degradation
CENTFERM-PWY	pyruvate fermentation to butanoate	Generation of Precursor Metabolite and Energy	Fermentation
CHLOROPHYLL-SYN	"3,8-divinyl-chlorophyllide a biosynthesis I (aerobic, light-dependent)"	Biosynthesis	"Cofactor, Prosthetic Group, Electron Carrier, and Vitamin Biosynthesis"
COA-PWY	coenzyme A biosynthesis I (prokaryotic)	Biosynthesis	"Cofactor, Prosthetic Group, Electron Carrier, and Vitamin Biosynthesis"
COBALSYN-PWY	superpathway of adenosylcobalamin salvage from cobinamide I	Biosynthesis	"Cofactor, Prosthetic Group, Electron Carrier, and Vitamin Biosynthesis"
COLANSYN-PWY	colanic acid building blocks biosynthesis	Biosynthesis	Carbohydrate Biosynthesis
COMPLETE-ARO-PWY	superpathway of aromatic amino acid biosynthesis	Biosynthesis	Amino Acid Biosynthesis
CRNFORCAT-PWY	creatinine degradation I	Degradation/Utilization/Assimilation	Amine and Polyamine Degradation
DAPLYSINESYN-PWY	L-lysine biosynthesis I	Biosynthesis	Amino Acid Biosynthesis
DENITRIFICATION-PWY	nitrate reduction I (denitrification)	Degradation/Utilization/Assimilation	Inorganic Nutrient Metabolism
DENOVOPURINE2-PWY	superpathway of purine nucleotides de novo biosynthesis II	Biosynthesis	Nucleoside and Nucleotide Biosynthesis
DHGLUCONATE-PYR-CAT-PWY	glucose degradation (oxidative)	Degradation/Utilization/Assimilation	Secondary Metabolite Degradation
DTDPRHAMSYN-PWY	dTDP-L-rhamnose biosynthesis	Biosynthesis	Carbohydrate Biosynthesis
ECASYN-PWY	enterobacterial common antigen biosynthesis	Biosynthesis	Cell Structure Biosynthesis
ENTBACSYN-PWY	enterobactin biosynthesis	Biosynthesis	Secondary Metabolite Biosynthesis
FAO-PWY	fatty acid beta-oxidation I	Degradation/Utilization/Assimilation	Fatty Acid and Lipid Degradation
FASYN-ELONG-PWY	fatty acid elongation -- saturated	Biosynthesis	Fatty Acid and Lipid Biosynthesis
FASYN-INITIAL-PWY	superpathway of fatty acid biosynthesis initiation (E. coli)	Biosynthesis	Fatty Acid and Lipid Biosynthesis
FERMENTATION-PWY	mixed acid fermentation	Generation of Precursor Metabolite and Energy	Fermentation
FOLSYN-PWY	superpathway of tetrahydrofolate biosynthesis and salvage	Biosynthesis	"Cofactor, Prosthetic Group, Electron Carrier, and Vitamin Biosynthesis"
FUC-RHAMCAT-PWY	superpathway of fucose and rhamnose degradation	Superpathways	superpathway of fucose and rhamnose degradation
FUCCAT-PWY	fucose degradation	Degradation/Utilization/Assimilation	Carbohydrate Degradation
GALACT-GLUCUROCAT-PWY	superpathway of hexuronide and hexuronate degradation	Superpathways	superpathway of hexuronide and hexuronate degradation
GALACTARDEG-PWY	D-galactarate degradation I	Degradation/Utilization/Assimilation	Secondary Metabolite Degradation
GALACTUROCAT-PWY	D-galacturonate degradation I	Degradation/Utilization/Assimilation	Secondary Metabolite Degradation
GALLATE-DEGRADATION-I-PWY	gallate degradation II	Degradation/Utilization/Assimilation	Aromatic Compound Degradation
GALLATE-DEGRADATION-II-PWY	gallate degradation I	Degradation/Utilization/Assimilation	Aromatic Compound Degradation
GLCMANNANAUT-PWY	"superpathway of N-acetylglucosamine, N-acetylmannosamine and N-acetylneuraminate degradation"	Degradation/Utilization/Assimilation	Amine and Polyamine Degradation
GLUCARDEG-PWY	D-glucarate degradation I	Degradation/Utilization/Assimilation	Secondary Metabolite Degradation
GLUCARGALACTSUPER-PWY	superpathway of D-glucarate and D-galactarate degradation	Superpathways	superpathway of D-glucarate and D-galactarate degradation
GLUCONEO-PWY	gluconeogenesis I	Biosynthesis	Carbohydrate Biosynthesis
GLUCOSE1PMETAB-PWY	glucose and glucose-1-phosphate degradation	Degradation/Utilization/Assimilation	Carbohydrate Degradation
GLUCUROCAT-PWY	superpathway of beta-D-glucuronosides degradation	Degradation/Utilization/Assimilation	Secondary Metabolite Degradation
GLUTORN-PWY	L-ornithine biosynthesis I	Biosynthesis	Amino Acid Biosynthesis
GLYCOCAT-PWY	glycogen degradation I	Degradation/Utilization/Assimilation	Polymeric Compound Degradation
GLYCOGENSYNTH-PWY	glycogen biosynthesis I (from ADP-D-Glucose)	Glycan Pathways	Glycan Biosynthesis
GLYCOL-GLYOXDEG-PWY	superpathway of glycol metabolism and degradation	Degradation/Utilization/Assimilation	Alcohol Degradation
GLYCOLYSIS	glycolysis I (from glucose 6-phosphate)	Generation of Precursor Metabolite and Energy	Glycolysis
GLYCOLYSIS-E-D	superpathway of glycolysis and the Entner-Doudoroff pathway	Superpathways	superpathway of glycolysis and the Entner-Doudoroff pathway
GLYCOLYSIS-TCA-GLYOX-BYPASS	"superpathway of glycolysis, pyruvate dehydrogenase, TCA, and glyoxylate bypass"	Superpathways	"superpathway of glycolysis, pyruvate dehydrogenase, TCA, and glyoxylate bypass"
GLYOXYLATE-BYPASS	glyoxylate cycle	Generation of Precursor Metabolite and Energy	glyoxylate cycle
GOLPDLCAT-PWY	"superpathway of glycerol degradation to 1,3-propanediol"	Degradation/Utilization/Assimilation	Alcohol Degradation
HCAMHPDEG-PWY	3-phenylpropanoate and 3-(3-hydroxyphenyl)propanoate degradation to 2-hydroxypentadienoate	Degradation/Utilization/Assimilation	Aromatic Compound Degradation
HEME-BIOSYNTHESIS-II	heme b biosynthesis I (aerobic)	Biosynthesis	"Cofactor, Prosthetic Group, Electron Carrier, and Vitamin Biosynthesis"
HEMESYN2-PWY	heme b biosynthesis II (anaerobic)	Biosynthesis	"Cofactor, Prosthetic Group, Electron Carrier, and Vitamin Biosynthesis"
HEXITOLDEGSUPER-PWY	superpathway of hexitol degradation (bacteria)	Degradation/Utilization/Assimilation	Secondary Metabolite Degradation
HISDEG-PWY	L-histidine degradation I	Degradation/Utilization/Assimilation	Amino Acid Degradation
HISTSYN-PWY	L-histidine biosynthesis	Biosynthesis	Amino Acid Biosynthesis
HOMOSER-METSYN-PWY	L-methionine biosynthesis I	Biosynthesis	Amino Acid Biosynthesis
HSERMETANA-PWY	L-methionine biosynthesis III	Biosynthesis	Amino Acid Biosynthesis
ILEUSYN-PWY	L-isoleucine biosynthesis I (from threonine)	Biosynthesis	Amino Acid Biosynthesis
KDO-NAGLIPASYN-PWY	superpathway of (Kdo)2-lipid A biosynthesis	Biosynthesis	Cell Structure Biosynthesis
KETOGLUCONMET-PWY	ketogluconate metabolism	Degradation/Utilization/Assimilation	Secondary Metabolite Degradation
LACTOSECAT-PWY	lactose and galactose degradation I	Degradation/Utilization/Assimilation	Carbohydrate Degradation
LEU-DEG2-PWY	L-leucine degradation I	Degradation/Utilization/Assimilation	Amino Acid Degradation
LIPASYN-PWY	phospholipases	Degradation/Utilization/Assimilation	Fatty Acid and Lipid Degradation
LPSSYN-PWY	superpathway of lipopolysaccharide biosynthesis	Biosynthesis	Fatty Acid and Lipid Biosynthesis
MET-SAM-PWY	superpathway of S-adenosyl-L-methionine biosynthesis	Superpathways	superpathway of S-adenosyl-L-methionine biosynthesis
METH-ACETATE-PWY	methanogenesis from acetate	Generation of Precursor Metabolite and Energy	Respiration
METHGLYUT-PWY	superpathway of methylglyoxal degradation	Degradation/Utilization/Assimilation	Aldehyde Degradation
METHYLGALLATE-DEGRADATION-PWY	methylgallate degradation	Degradation/Utilization/Assimilation	Aromatic Compound Degradation
NAD-BIOSYNTHESIS-II	NAD salvage pathway III (to nicotinamide riboside)	Biosynthesis	"Cofactor, Prosthetic Group, Electron Carrier, and Vitamin Biosynthesis"
NADSYN-PWY	NAD de novo biosynthesis II (from tryptophan)	Biosynthesis	"Cofactor, Prosthetic Group, Electron Carrier, and Vitamin Biosynthesis"
NAGLIPASYN-PWY	lipid IVA biosynthesis	Biosynthesis	Cell Structure Biosynthesis
NONMEVIPP-PWY	methylerythritol phosphate pathway I	Biosynthesis	Secondary Metabolite Biosynthesis
NONOXIPENT-PWY	pentose phosphate pathway (non-oxidative branch)	Generation of Precursor Metabolite and Energy	Pentose Phosphate Pathways
OANTIGEN-PWY	O-antigen building blocks biosynthesis (E. coli)	Biosynthesis	Carbohydrate Biosynthesis
ORNARGDEG-PWY	superpathway of L-arginine and L-ornithine degradation	Degradation/Utilization/Assimilation	Amino Acid Degradation
ORNDEG-PWY	superpathway of ornithine degradation	Degradation/Utilization/Assimilation	Amine and Polyamine Degradation
P101-PWY	ectoine biosynthesis	Biosynthesis	Amine and Polyamine Biosynthesis
P105-PWY	TCA cycle IV (2-oxoglutarate decarboxylase)	Generation of Precursor Metabolite and Energy	TCA cycle
P108-PWY	pyruvate fermentation to propanoate I	Generation of Precursor Metabolite and Energy	Fermentation
P122-PWY	heterolactic fermentation	Generation of Precursor Metabolite and Energy	Fermentation
P124-PWY	Bifidobacterium shunt	Generation of Precursor Metabolite and Energy	Fermentation
P125-PWY	"superpathway of (R,R)-butanediol biosynthesis"	Generation of Precursor Metabolite and Energy	Fermentation
P161-PWY	acetylene degradation	Generation of Precursor Metabolite and Energy	Fermentation
P162-PWY	L-glutamate degradation V (via hydroxyglutarate)	Generation of Precursor Metabolite and Energy	Fermentation
P163-PWY	L-lysine fermentation to acetate and butanoate	Generation of Precursor Metabolite and Energy	Fermentation
P164-PWY	purine nucleobases degradation I (anaerobic)	Degradation/Utilization/Assimilation	Nucleoside and Nucleotide Degradation
P184-PWY	protocatechuate degradation I (meta-cleavage pathway)	Degradation/Utilization/Assimilation	Aromatic Compound Degradation
P221-PWY	octane oxidation	Degradation/Utilization/Assimilation	Degradation/Utilization/Assimilation - Other
P23-PWY	reductive TCA cycle I	Degradation/Utilization/Assimilation	C1 Compound Utilization and Assimilation
P241-PWY	coenzyme B biosynthesis	Biosynthesis	"Cofactor, Prosthetic Group, Electron Carrier, and Vitamin Biosynthesis"
P261-PWY	coenzyme M biosynthesis I	Biosynthesis	"Cofactor, Prosthetic Group, Electron Carrier, and Vitamin Biosynthesis"
P281-PWY	3-phenylpropanoate degradation	Degradation/Utilization/Assimilation	Aromatic Compound Degradation
P381-PWY	adenosylcobalamin biosynthesis II (aerobic)	Superpathways	adenosylcobalamin biosynthesis II (aerobic)
P4-PWY	"superpathway of L-lysine, L-threonine and L-methionine biosynthesis I"	Biosynthesis	Amino Acid Biosynthesis
P42-PWY	incomplete reductive TCA cycle	Degradation/Utilization/Assimilation	C1 Compound Utilization and Assimilation
P441-PWY	superpathway of N-acetylneuraminate degradation	Degradation/Utilization/Assimilation	Carboxylate Degradation
P461-PWY	"hexitol fermentation to lactate, formate, ethanol and acetate"	Generation of Precursor Metabolite and Energy	Fermentation
P562-PWY	myo-inositol degradation I	Degradation/Utilization/Assimilation	Secondary Metabolite Degradation
P621-PWY	nylon-6 oligomer degradation	Degradation/Utilization/Assimilation	Degradation/Utilization/Assimilation - Other
PANTO-PWY	phosphopantothenate biosynthesis I	Biosynthesis	"Cofactor, Prosthetic Group, Electron Carrier, and Vitamin Biosynthesis"
PANTOSYN-PWY	superpathway of coenzyme A biosynthesis I (bacteria)	Biosynthesis	"Cofactor, Prosthetic Group, Electron Carrier, and Vitamin Biosynthesis"
PENTOSE-P-PWY	pentose phosphate pathway	Generation of Precursor Metabolite and Energy	Pentose Phosphate Pathways
PEPTIDOGLYCANSYN-PWY	peptidoglycan biosynthesis I (meso-diaminopimelate containing)	Biosynthesis	Cell Structure Biosynthesis
PHOSLIPSYN-PWY	superpathway of phospholipid biosynthesis I (bacteria)	Biosynthesis	Fatty Acid and Lipid Biosynthesis
POLYAMINSYN3-PWY	superpathway of polyamine biosynthesis II	Biosynthesis	Amine and Polyamine Biosynthesis
POLYAMSYN-PWY	superpathway of polyamine biosynthesis I	Biosynthesis	Amine and Polyamine Biosynthesis
POLYISOPRENSYN-PWY	polyisoprenoid biosynthesis (E. coli)	Biosynthesis	"Cofactor, Prosthetic Group, Electron Carrier, and Vitamin Biosynthesis"
PPGPPMET-PWY	ppGpp biosynthesis	Biosynthesis	Metabolic Regulator Biosynthesis
PROTOCATECHUATE-ORTHO-CLEAVAGE-PWY	protocatechuate degradation II (ortho-cleavage pathway)	Degradation/Utilization/Assimilation	Aromatic Compound Degradation
PRPP-PWY	"superpathway of histidine, purine, and pyrimidine biosynthesis"	Superpathways	"superpathway of histidine, purine, and pyrimidine biosynthesis"
PWY-1269	CMP-3-deoxy-D-manno-octulosonate biosynthesis	Biosynthesis	Carbohydrate Biosynthesis
PWY-1361	benzoyl-CoA degradation I (aerobic)	Degradation/Utilization/Assimilation	Aromatic Compound Degradation
PWY-1422	vitamin E biosynthesis (tocopherols)	Biosynthesis	"Cofactor, Prosthetic Group, Electron Carrier, and Vitamin Biosynthesis"
PWY-1501	mandelate degradation I	Degradation/Utilization/Assimilation	Aromatic Compound Degradation
PWY-1541	superpathway of taurine degradation	Degradation/Utilization/Assimilation	Inorganic Nutrient Metabolism
PWY-1622	formaldehyde assimilation I (serine pathway)	Degradation/Utilization/Assimilation	C1 Compound Utilization and Assimilation
PWY-181	photorespiration	Generation of Precursor Metabolite and Energy	Photosynthesis
PWY-1861	formaldehyde assimilation II (assimilatory RuMP Cycle)	Degradation/Utilization/Assimilation	C1 Compound Utilization and Assimilation
PWY-1882	superpathway of C1 compounds oxidation to CO2	Degradation/Utilization/Assimilation	C1 Compound Utilization and Assimilation
PWY-2941	L-lysine biosynthesis II	Biosynthesis	Amino Acid Biosynthesis
PWY-2942	L-lysine biosynthesis III	Biosynthesis	Amino Acid Biosynthesis
PWY-3001	superpathway of L-isoleucine biosynthesis I	Biosynthesis	Amino Acid Biosynthesis
PWY-3661	glycine betaine degradation I	Degradation/Utilization/Assimilation	Amine and Polyamine Degradation
PWY-3781	aerobic respiration I (cytochrome c)	Generation of Precursor Metabolite and Energy	Respiration
PWY-3801	sucrose degradation II (sucrose synthase)	Degradation/Utilization/Assimilation	Carbohydrate Degradation
PWY-4361	S-methyl-5-thio-alpha-D-ribose 1-phosphate degradation I	Biosynthesis	Amino Acid Biosynthesis
PWY-4722	creatinine degradation II	Degradation/Utilization/Assimilation	Amine and Polyamine Degradation
PWY-4984	urea cycle	Degradation/Utilization/Assimilation	Inorganic Nutrient Metabolism
PWY-5005	biotin biosynthesis II	Biosynthesis	"Cofactor, Prosthetic Group, Electron Carrier, and Vitamin Biosynthesis"
PWY-5022	4-aminobutanoate degradation V	Generation of Precursor Metabolite and Energy	Fermentation
PWY-5028	L-histidine degradation II	Degradation/Utilization/Assimilation	Amino Acid Degradation
PWY-5088	L-glutamate degradation VIII (to propanoate)	Generation of Precursor Metabolite and Energy	Fermentation
PWY-5097	L-lysine biosynthesis VI	Biosynthesis	Amino Acid Biosynthesis
PWY-5100	pyruvate fermentation to acetate and lactate II	Generation of Precursor Metabolite and Energy	Fermentation
PWY-5101	L-isoleucine biosynthesis II	Biosynthesis	Amino Acid Biosynthesis
PWY-5103	L-isoleucine biosynthesis III	Biosynthesis	Amino Acid Biosynthesis
PWY-5104	L-isoleucine biosynthesis IV	Biosynthesis	Amino Acid Biosynthesis
PWY-5121	superpathway of geranylgeranyl diphosphate biosynthesis II (via MEP)	Biosynthesis	Secondary Metabolite Biosynthesis
PWY-5154	L-arginine biosynthesis III (via N-acetyl-L-citrulline)	Biosynthesis	Amino Acid Biosynthesis
PWY-5177	glutaryl-CoA degradation	Degradation/Utilization/Assimilation	Carboxylate Degradation
PWY-5178	toluene degradation IV (aerobic) (via catechol)	Degradation/Utilization/Assimilation	Aromatic Compound Degradation
PWY-5180	toluene degradation I (aerobic) (via o-cresol)	Degradation/Utilization/Assimilation	Aromatic Compound Degradation
PWY-5181	toluene degradation III (aerobic) (via p-cresol)	Degradation/Utilization/Assimilation	Aromatic Compound Degradation
PWY-5182	toluene degradation II (aerobic) (via 4-methylcatechol)	Degradation/Utilization/Assimilation	Aromatic Compound Degradation
PWY-5183	superpathway of aerobic toluene degradation	Degradation/Utilization/Assimilation	Aromatic Compound Degradation
PWY-5188	tetrapyrrole biosynthesis I (from glutamate)	Biosynthesis	"Cofactor, Prosthetic Group, Electron Carrier, and Vitamin Biosynthesis"
PWY-5189	tetrapyrrole biosynthesis II (from glycine)	Biosynthesis	"Cofactor, Prosthetic Group, Electron Carrier, and Vitamin Biosynthesis"
PWY-5198	factor 420 biosynthesis	Biosynthesis	"Cofactor, Prosthetic Group, Electron Carrier, and Vitamin Biosynthesis"
PWY-5265	peptidoglycan biosynthesis II (staphylococci)	Biosynthesis	Cell Structure Biosynthesis
PWY-5304	superpathway of sulfur oxidation (Acidianus ambivalens)	Degradation/Utilization/Assimilation	Inorganic Nutrient Metabolism
PWY-5345	superpathway of L-methionine biosynthesis (by sulfhydrylation)	Biosynthesis	Amino Acid Biosynthesis
PWY-5347	superpathway of L-methionine biosynthesis (transsulfuration)	Biosynthesis	Amino Acid Biosynthesis
PWY-5384	sucrose degradation IV (sucrose phosphorylase)	Degradation/Utilization/Assimilation	Carbohydrate Degradation
PWY-5415	catechol degradation I (meta-cleavage pathway)	Degradation/Utilization/Assimilation	Aromatic Compound Degradation
PWY-5417	catechol degradation III (ortho-cleavage pathway)	Degradation/Utilization/Assimilation	Aromatic Compound Degradation
PWY-5419	catechol degradation to 2-hydroxypentadienoate II	Degradation/Utilization/Assimilation	Aromatic Compound Degradation
PWY-5420	catechol degradation II (meta-cleavage pathway)	Degradation/Utilization/Assimilation	Aromatic Compound Degradation
PWY-5430	meta cleavage pathway of aromatic compounds	Degradation/Utilization/Assimilation	Aromatic Compound Degradation
PWY-5431	aromatic compounds degradation via beta-ketoadipate	Degradation/Utilization/Assimilation	Aromatic Compound Degradation
PWY-5484	glycolysis II (from fructose 6-phosphate)	Generation of Precursor Metabolite and Energy	Glycolysis
PWY-5505	L-glutamate and L-glutamine biosynthesis	Biosynthesis	Amino Acid Biosynthesis
PWY-5507	adenosylcobalamin biosynthesis I (anaerobic)	Superpathways	adenosylcobalamin biosynthesis I (anaerobic)
PWY-5509	adenosylcobalamin biosynthesis from adenosylcobinamide-GDP I	Biosynthesis	"Cofactor, Prosthetic Group, Electron Carrier, and Vitamin Biosynthesis"
PWY-5529	superpathway of bacteriochlorophyll a biosynthesis	Biosynthesis	"Cofactor, Prosthetic Group, Electron Carrier, and Vitamin Biosynthesis"
PWY-5531	"3,8-divinyl-chlorophyllide a biosynthesis II (anaerobic)"	Biosynthesis	"Cofactor, Prosthetic Group, Electron Carrier, and Vitamin Biosynthesis"
PWY-5532	nucleoside and nucleotide degradation (archaea)	Degradation/Utilization/Assimilation	Nucleoside and Nucleotide Degradation
PWY-5647	2-nitrobenzoate degradation I	Degradation/Utilization/Assimilation	Aromatic Compound Degradation
PWY-5651	L-tryptophan degradation to 2-amino-3-carboxymuconate semialdehyde	Degradation/Utilization/Assimilation	Amino Acid Degradation
PWY-5654	2-amino-3-carboxymuconate semialdehyde degradation to 2-hydroxypentadienoate	Degradation/Utilization/Assimilation	Carboxylate Degradation
PWY-5655	L-tryptophan degradation IX	Degradation/Utilization/Assimilation	Amino Acid Degradation
PWY-5659	GDP-mannose biosynthesis	Biosynthesis	Carbohydrate Biosynthesis
PWY-5667	CDP-diacylglycerol biosynthesis I	Biosynthesis	Fatty Acid and Lipid Biosynthesis
PWY-5676	acetyl-CoA fermentation to butanoate II	Generation of Precursor Metabolite and Energy	Fermentation
PWY-5677	succinate fermentation to butanoate	Generation of Precursor Metabolite and Energy	Fermentation
PWY-5686	UMP biosynthesis I	Biosynthesis	Nucleoside and Nucleotide Biosynthesis
PWY-5695	inosine 5'-phosphate degradation	Degradation/Utilization/Assimilation	Nucleoside and Nucleotide Degradation
PWY-5705	allantoin degradation to glyoxylate III	Degradation/Utilization/Assimilation	Amine and Polyamine Degradation
PWY-5741	ethylmalonyl-CoA pathway	Generation of Precursor Metabolite and Energy	ethylmalonyl-CoA pathway
PWY-5747	2-methylcitrate cycle II	Degradation/Utilization/Assimilation	Carboxylate Degradation
PWY-5837	"2-carboxy-1,4-naphthoquinol biosynthesis"	Biosynthesis	"Cofactor, Prosthetic Group, Electron Carrier, and Vitamin Biosynthesis"
PWY-5838	superpathway of menaquinol-8 biosynthesis I	Biosynthesis	"Cofactor, Prosthetic Group, Electron Carrier, and Vitamin Biosynthesis"
PWY-5840	superpathway of menaquinol-7 biosynthesis	Biosynthesis	"Cofactor, Prosthetic Group, Electron Carrier, and Vitamin Biosynthesis"
PWY-5845	superpathway of menaquinol-9 biosynthesis	Biosynthesis	"Cofactor, Prosthetic Group, Electron Carrier, and Vitamin Biosynthesis"
PWY-5850	superpathway of menaquinol-6 biosynthesis I	Biosynthesis	"Cofactor, Prosthetic Group, Electron Carrier, and Vitamin Biosynthesis"
PWY-5855	ubiquinol-7 biosynthesis (prokaryotic)	Biosynthesis	"Cofactor, Prosthetic Group, Electron Carrier, and Vitamin Biosynthesis"
PWY-5856	ubiquinol-9 biosynthesis (prokaryotic)	Biosynthesis	"Cofactor, Prosthetic Group, Electron Carrier, and Vitamin Biosynthesis"
PWY-5857	ubiquinol-10 biosynthesis (prokaryotic)	Biosynthesis	"Cofactor, Prosthetic Group, Electron Carrier, and Vitamin Biosynthesis"
PWY-5860	superpathway of demethylmenaquinol-6 biosynthesis I	Biosynthesis	"Cofactor, Prosthetic Group, Electron Carrier, and Vitamin Biosynthesis"
PWY-5861	superpathway of demethylmenaquinol-8 biosynthesis I	Biosynthesis	"Cofactor, Prosthetic Group, Electron Carrier, and Vitamin Biosynthesis"
PWY-5862	superpathway of demethylmenaquinol-9 biosynthesis	Biosynthesis	"Cofactor, Prosthetic Group, Electron Carrier, and Vitamin Biosynthesis"
PWY-5863	superpathway of phylloquinol biosynthesis	Biosynthesis	"Cofactor, Prosthetic Group, Electron Carrier, and Vitamin Biosynthesis"
PWY-5896	superpathway of menaquinol-10 biosynthesis	Biosynthesis	"Cofactor, Prosthetic Group, Electron Carrier, and Vitamin Biosynthesis"
PWY-5897	superpathway of menaquinol-11 biosynthesis	Biosynthesis	"Cofactor, Prosthetic Group, Electron Carrier, and Vitamin Biosynthesis"
PWY-5898	superpathway of menaquinol-12 biosynthesis	Biosynthesis	"Cofactor, Prosthetic Group, Electron Carrier, and Vitamin Biosynthesis"
PWY-5899	superpathway of menaquinol-13 biosynthesis	Biosynthesis	"Cofactor, Prosthetic Group, Electron Carrier, and Vitamin Biosynthesis"
PWY-5910	superpathway of geranylgeranyldiphosphate biosynthesis I (via mevalonate)	Biosynthesis	Secondary Metabolite Biosynthesis
PWY-5913	partial TCA cycle (obligate autotrophs)	Generation of Precursor Metabolite and Energy	TCA cycle
PWY-5918	superpathay of heme b biosynthesis from glutamate	Biosynthesis	"Cofactor, Prosthetic Group, Electron Carrier, and Vitamin Biosynthesis"
PWY-5920	superpathway of b heme biosynthesis from glycine	Biosynthesis	"Cofactor, Prosthetic Group, Electron Carrier, and Vitamin Biosynthesis"
PWY-5941	glycogen degradation II	Degradation/Utilization/Assimilation	Polymeric Compound Degradation
PWY-5971	palmitate biosynthesis II (bacteria and plants)	Biosynthesis	Fatty Acid and Lipid Biosynthesis
PWY-5973	cis-vaccenate biosynthesis	Biosynthesis	Fatty Acid and Lipid Biosynthesis
PWY-5989	stearate biosynthesis II (bacteria and plants)	Biosynthesis	Fatty Acid and Lipid Biosynthesis
PWY-6071	superpathway of phenylethylamine degradation	Degradation/Utilization/Assimilation	Aromatic Compound Degradation
PWY-6107	chlorosalicylate degradation	Degradation/Utilization/Assimilation	Chlorinated Compound Degradation
PWY-6121	5-aminoimidazole ribonucleotide biosynthesis I	Biosynthesis	Nucleoside and Nucleotide Biosynthesis
PWY-6122	5-aminoimidazole ribonucleotide biosynthesis II	Biosynthesis	Nucleoside and Nucleotide Biosynthesis
PWY-6123	inosine-5'-phosphate biosynthesis I	Biosynthesis	Nucleoside and Nucleotide Biosynthesis
PWY-6125	superpathway of guanosine nucleotides de novo biosynthesis II	Biosynthesis	Nucleoside and Nucleotide Biosynthesis
PWY-6126	superpathway of adenosine nucleotides de novo biosynthesis II	Biosynthesis	Nucleoside and Nucleotide Biosynthesis
PWY-6147	6-hydroxymethyl-dihydropterin diphosphate biosynthesis I	Biosynthesis	"Cofactor, Prosthetic Group, Electron Carrier, and Vitamin Biosynthesis"
PWY-6151	S-adenosyl-L-methionine cycle I	Biosynthesis	Amino Acid Biosynthesis
PWY-6163	chorismate biosynthesis from 3-dehydroquinate	Biosynthesis	Aromatic Compound Biosynthesis
PWY-6182	superpathway of salicylate degradation	Degradation/Utilization/Assimilation	Aromatic Compound Degradation
PWY-6185	4-methylcatechol degradation (ortho cleavage)	Degradation/Utilization/Assimilation	Aromatic Compound Degradation
PWY-621	sucrose degradation III (sucrose invertase)	Degradation/Utilization/Assimilation	Carbohydrate Degradation
PWY-6210	2-aminophenol degradation	Degradation/Utilization/Assimilation	Aromatic Compound Degradation
PWY-6263	superpathway of menaquinol-8 biosynthesis II	Biosynthesis	"Cofactor, Prosthetic Group, Electron Carrier, and Vitamin Biosynthesis"
PWY-6269	superpathway of adenosylcobalamin salvage from cobinamide II	Biosynthesis	"Cofactor, Prosthetic Group, Electron Carrier, and Vitamin Biosynthesis"
PWY-6277	superpathway of 5-aminoimidazole ribonucleotide biosynthesis	Biosynthesis	Nucleoside and Nucleotide Biosynthesis
PWY-6282	palmitoleate biosynthesis I (from (5Z)-dodec-5-enoate)	Biosynthesis	Fatty Acid and Lipid Biosynthesis
PWY-6317	D-galactose degradation I (Leloir pathway)	Degradation/Utilization/Assimilation	Carbohydrate Degradation
PWY-6338	superpathway of vanillin and vanillate degradation	Degradation/Utilization/Assimilation	Aromatic Compound Degradation
PWY-6339	syringate degradation	Degradation/Utilization/Assimilation	Aromatic Compound Degradation
PWY-6353	purine nucleotides degradation II (aerobic)	Degradation/Utilization/Assimilation	Nucleoside and Nucleotide Degradation
PWY-6383	"mono-trans, poly-cis decaprenyl phosphate biosynthesis"	Biosynthesis	"Cofactor, Prosthetic Group, Electron Carrier, and Vitamin Biosynthesis"
PWY-6385	peptidoglycan biosynthesis III (mycobacteria)	Biosynthesis	Cell Structure Biosynthesis
PWY-6386	UDP-N-acetylmuramoyl-pentapeptide biosynthesis II (lysine-containing)	Biosynthesis	Cell Structure Biosynthesis
PWY-6387	UDP-N-acetylmuramoyl-pentapeptide biosynthesis I (meso-diaminopimelate containing)	Biosynthesis	Cell Structure Biosynthesis
PWY-6396	"superpathway of 2,3-butanediol biosynthesis"	Generation of Precursor Metabolite and Energy	Fermentation
PWY-6397	mycolyl-arabinogalactan-peptidoglycan complex biosynthesis	Biosynthesis	Cell Structure Biosynthesis
PWY-6467	Kdo transfer to lipid IVA III (Chlamydia)	Biosynthesis	Cell Structure Biosynthesis
PWY-6470	peptidoglycan biosynthesis V (beta-lactam resistance)	Biosynthesis	Cell Structure Biosynthesis
PWY-6471	peptidoglycan biosynthesis IV (Enterococcus faecium)	Biosynthesis	Cell Structure Biosynthesis
PWY-6478	GDP-D-glycero-alpha-D-manno-heptose biosynthesis	Biosynthesis	Carbohydrate Biosynthesis
PWY-6505	L-tryptophan degradation XII (Geobacillus)	Degradation/Utilization/Assimilation	Amino Acid Degradation
PWY-6507	4-deoxy-L-threo-hex-4-enopyranuronate degradation	Degradation/Utilization/Assimilation	Secondary Metabolite Degradation
PWY-6519	8-amino-7-oxononanoate biosynthesis I	Biosynthesis	"Cofactor, Prosthetic Group, Electron Carrier, and Vitamin Biosynthesis"
PWY-6545	pyrimidine deoxyribonucleotides de novo biosynthesis III	Biosynthesis	Nucleoside and Nucleotide Biosynthesis
PWY-6562	norspermidine biosynthesis	Biosynthesis	Amine and Polyamine Biosynthesis
PWY-6581	"spirilloxanthin and 2,2'-diketo-spirilloxanthin biosynthesis"	Biosynthesis	Secondary Metabolite Biosynthesis
PWY-6588	pyruvate fermentation to acetone	Generation of Precursor Metabolite and Energy	Fermentation
PWY-6590	superpathway of Clostridium acetobutylicum acidogenic fermentation	Generation of Precursor Metabolite and Energy	Fermentation
PWY-6608	guanosine nucleotides degradation III	Degradation/Utilization/Assimilation	Nucleoside and Nucleotide Degradation
PWY-6609	adenine and adenosine salvage III	Biosynthesis	Nucleoside and Nucleotide Biosynthesis
PWY-6612	superpathway of tetrahydrofolate biosynthesis	Biosynthesis	"Cofactor, Prosthetic Group, Electron Carrier, and Vitamin Biosynthesis"
PWY-6628	superpathway of L-phenylalanine biosynthesis	Biosynthesis	Amino Acid Biosynthesis
PWY-6629	superpathway of L-tryptophan biosynthesis	Biosynthesis	Amino Acid Biosynthesis
PWY-6630	superpathway of L-tyrosine biosynthesis	Biosynthesis	Amino Acid Biosynthesis
PWY-6641	superpathway of sulfolactate degradation	Degradation/Utilization/Assimilation	Inorganic Nutrient Metabolism
PWY-6690	cinnamate and 3-hydroxycinnamate degradation to 2-hydroxypentadienoate	Degradation/Utilization/Assimilation	Aromatic Compound Degradation
PWY-6700	queuosine biosynthesis	Macromolecule Modification	Nucleic Acid Processing
PWY-6703	preQ0 biosynthesis	Biosynthesis	Secondary Metabolite Biosynthesis
PWY-6708	ubiquinol-8 biosynthesis (prokaryotic)	Biosynthesis	"Cofactor, Prosthetic Group, Electron Carrier, and Vitamin Biosynthesis"
PWY-6713	L-rhamnose degradation II	Degradation/Utilization/Assimilation	Carbohydrate Degradation
PWY-6728	methylaspartate cycle	Generation of Precursor Metabolite and Energy	methylaspartate cycle
PWY-6731	starch degradation III	Degradation/Utilization/Assimilation	Polymeric Compound Degradation
PWY-6737	starch degradation V	Degradation/Utilization/Assimilation	Polymeric Compound Degradation
PWY-6749	CMP-legionaminate biosynthesis I	Biosynthesis	Carbohydrate Biosynthesis
PWY-6876	isopropanol biosynthesis (engineered)	Generation of Precursor Metabolite and Energy	isopropanol biosynthesis (engineered)
PWY-6891	thiazole biosynthesis II (aerobic bacteria)	Biosynthesis	"Cofactor, Prosthetic Group, Electron Carrier, and Vitamin Biosynthesis"
PWY-6892	thiazole biosynthesis I (facultative anaerobic bacteria)	Biosynthesis	"Cofactor, Prosthetic Group, Electron Carrier, and Vitamin Biosynthesis"
PWY-6895	superpathway of thiamine diphosphate biosynthesis II	Biosynthesis	"Cofactor, Prosthetic Group, Electron Carrier, and Vitamin Biosynthesis"
PWY-6897	thiamine salvage II	Biosynthesis	"Cofactor, Prosthetic Group, Electron Carrier, and Vitamin Biosynthesis"
PWY-6901	superpathway of glucose and xylose degradation	Degradation/Utilization/Assimilation	Carbohydrate Degradation
PWY-6942	dTDP-D-desosamine biosynthesis	Biosynthesis	Carbohydrate Biosynthesis
PWY-6944	androstenedione degradation	Degradation/Utilization/Assimilation	Fatty Acid and Lipid Degradation
PWY-6957	mandelate degradation to acetyl-CoA	Degradation/Utilization/Assimilation	Aromatic Compound Degradation
PWY-6969	TCA cycle V (2-oxoglutarate:ferredoxin oxidoreductase)	Generation of Precursor Metabolite and Energy	TCA cycle
PWY-6975	superpathway of erythromycin biosynthesis (without sugar biosynthesis)	Biosynthesis	Secondary Metabolite Biosynthesis
PWY-6977	superpathway of erythromycin biosynthesis	Biosynthesis	Secondary Metabolite Biosynthesis
PWY-6992	"1,5-anhydrofructose degradation"	Generation of Precursor Metabolite and Energy	"1,5-anhydrofructose degradation"
PWY-7003	glycerol degradation to butanol	Generation of Precursor Metabolite and Energy	Fermentation
PWY-7007	methyl ketone biosynthesis (engineered)	Generation of Precursor Metabolite and Energy	methyl ketone biosynthesis (engineered)
PWY-7013	"(S)-propane-1,2-diol degradation"	Generation of Precursor Metabolite and Energy	Fermentation
PWY-7090	"UDP-2,3-diacetamido-2,3-dideoxy-alpha-D-mannuronate biosynthesis"	Biosynthesis	Carbohydrate Biosynthesis
PWY-7094	fatty acid salvage	Biosynthesis	Fatty Acid and Lipid Biosynthesis
PWY-7097	vanillin and vanillate degradation I	Degradation/Utilization/Assimilation	Aromatic Compound Degradation
PWY-7098	vanillin and vanillate degradation II	Degradation/Utilization/Assimilation	Aromatic Compound Degradation
PWY-7106	erythromycin D biosynthesis	Biosynthesis	Secondary Metabolite Biosynthesis
PWY-7110	superpathway of megalomicin A biosynthesis	Biosynthesis	Secondary Metabolite Biosynthesis
PWY-7111	pyruvate fermentation to isobutanol (engineered)	Generation of Precursor Metabolite and Energy	Fermentation
PWY-7159	"3,8-divinyl-chlorophyllide a biosynthesis III (aerobic, light independent)"	Biosynthesis	"Cofactor, Prosthetic Group, Electron Carrier, and Vitamin Biosynthesis"
PWY-7184	pyrimidine deoxyribonucleotides de novo biosynthesis I	Biosynthesis	Nucleoside and Nucleotide Biosynthesis
PWY-7187	pyrimidine deoxyribonucleotides de novo biosynthesis II	Biosynthesis	Nucleoside and Nucleotide Biosynthesis
PWY-7196	superpathway of pyrimidine ribonucleosides salvage	Biosynthesis	Nucleoside and Nucleotide Biosynthesis
PWY-7197	pyrimidine deoxyribonucleotide phosphorylation	Biosynthesis	Nucleoside and Nucleotide Biosynthesis
PWY-7199	pyrimidine deoxyribonucleosides salvage	Biosynthesis	Nucleoside and Nucleotide Biosynthesis
PWY-7200	superpathway of pyrimidine deoxyribonucleoside salvage	Biosynthesis	Nucleoside and Nucleotide Biosynthesis
PWY-7208	superpathway of pyrimidine nucleobases salvage	Biosynthesis	Nucleoside and Nucleotide Biosynthesis
PWY-7211	superpathway of pyrimidine deoxyribonucleotides de novo biosynthesis	Biosynthesis	Nucleoside and Nucleotide Biosynthesis
PWY-7219	adenosine ribonucleotides de novo biosynthesis	Biosynthesis	Nucleoside and Nucleotide Biosynthesis
PWY-722	nicotinate degradation I	Degradation/Utilization/Assimilation	Aromatic Compound Degradation
PWY-7220	adenosine deoxyribonucleotides de novo biosynthesis II	Biosynthesis	Nucleoside and Nucleotide Biosynthesis
PWY-7221	guanosine ribonucleotides de novo biosynthesis	Biosynthesis	Nucleoside and Nucleotide Biosynthesis
PWY-7222	guanosine deoxyribonucleotides de novo biosynthesis II	Biosynthesis	Nucleoside and Nucleotide Biosynthesis
PWY-7228	superpathway of guanosine nucleotides de novo biosynthesis I	Biosynthesis	Nucleoside and Nucleotide Biosynthesis
PWY-7229	superpathway of adenosine nucleotides de novo biosynthesis I	Biosynthesis	Nucleoside and Nucleotide Biosynthesis
PWY-7234	inosine-5'-phosphate biosynthesis III	Biosynthesis	Nucleoside and Nucleotide Biosynthesis
PWY-7237	"myo-, chiro- and scyllo-inositol degradation"	Degradation/Utilization/Assimilation	Secondary Metabolite Degradation
PWY-7242	D-fructuronate degradation	Degradation/Utilization/Assimilation	Secondary Metabolite Degradation
PWY-7254	TCA cycle VII (acetate-producers)	Generation of Precursor Metabolite and Energy	TCA cycle
PWY-7255	ergothioneine biosynthesis I (bacteria)	Biosynthesis	Secondary Metabolite Biosynthesis
PWY-7295	L-arabinose degradation IV	Degradation/Utilization/Assimilation	Carbohydrate Degradation
PWY-7315	dTDP-N-acetylthomosamine biosynthesis	Biosynthesis	Carbohydrate Biosynthesis
PWY-7316	dTDP-N-acetylviosamine biosynthesis	Biosynthesis	Carbohydrate Biosynthesis
PWY-7323	superpathway of GDP-mannose-derived O-antigen building blocks biosynthesis	Biosynthesis	Carbohydrate Biosynthesis
PWY-7328	superpathway of UDP-glucose-derived O-antigen building blocks biosynthesis	Biosynthesis	Carbohydrate Biosynthesis
PWY-7332	superpathway of UDP-N-acetylglucosamine-derived O-antigen building blocks biosynthesis	Biosynthesis	Carbohydrate Biosynthesis
PWY-7347	sucrose biosynthesis III	Biosynthesis	Carbohydrate Biosynthesis
PWY-7371	"1,4-dihydroxy-6-naphthoate biosynthesis II"	Biosynthesis	"Cofactor, Prosthetic Group, Electron Carrier, and Vitamin Biosynthesis"
PWY-7373	superpathway of demethylmenaquinol-6 biosynthesis II	Biosynthesis	"Cofactor, Prosthetic Group, Electron Carrier, and Vitamin Biosynthesis"
PWY-7374	"1,4-dihydroxy-6-naphthoate biosynthesis I"	Biosynthesis	"Cofactor, Prosthetic Group, Electron Carrier, and Vitamin Biosynthesis"
PWY-7376	"cob(II)yrinate a,c-diamide biosynthesis II (late cobalt incorporation)"	Biosynthesis	"Cofactor, Prosthetic Group, Electron Carrier, and Vitamin Biosynthesis"
PWY-7377	"cob(II)yrinate a,c-diamide biosynthesis I (early cobalt insertion)"	Biosynthesis	"Cofactor, Prosthetic Group, Electron Carrier, and Vitamin Biosynthesis"
PWY-7391	isoprene biosynthesis II (engineered)	Biosynthesis	Secondary Metabolite Biosynthesis
PWY-7392	taxadiene biosynthesis (engineered)	Biosynthesis	Secondary Metabolite Biosynthesis
PWY-7400	L-arginine biosynthesis IV (archaebacteria)	Biosynthesis	Amino Acid Biosynthesis
PWY-7431	aromatic biogenic amine degradation (bacteria)	Degradation/Utilization/Assimilation	Amine and Polyamine Degradation
PWY-7446	sulfoquinovose degradation I	Degradation/Utilization/Assimilation	Secondary Metabolite Degradation
PWY-7456	"beta-(1,4)-mannan degradation"	Degradation/Utilization/Assimilation	Polymeric Compound Degradation
PWY-7527	L-methionine salvage cycle III	Biosynthesis	Amino Acid Biosynthesis
PWY-7539	6-hydroxymethyl-dihydropterin diphosphate biosynthesis III (Chlamydia)	Biosynthesis	"Cofactor, Prosthetic Group, Electron Carrier, and Vitamin Biosynthesis"
PWY-7560	methylerythritol phosphate pathway II	Biosynthesis	Secondary Metabolite Biosynthesis
PWY-7616	methanol oxidation to carbon dioxide	Degradation/Utilization/Assimilation	Alcohol Degradation
PWY-7663	gondoate biosynthesis (anaerobic)	Biosynthesis	Fatty Acid and Lipid Biosynthesis
PWY-7664	oleate biosynthesis IV (anaerobic)	Biosynthesis	Fatty Acid and Lipid Biosynthesis
PWY-841	superpathway of purine nucleotides de novo biosynthesis I	Biosynthesis	Nucleoside and Nucleotide Biosynthesis
PWY-922	mevalonate pathway I	Biosynthesis	Secondary Metabolite Biosynthesis
PWY0-1061	superpathway of L-alanine biosynthesis	Biosynthesis	Amino Acid Biosynthesis
PWY0-1241	ADP-L-glycero-beta-D-manno-heptose biosynthesis	Biosynthesis	Carbohydrate Biosynthesis
PWY0-1261	anhydromuropeptides recycling I	Degradation/Utilization/Assimilation	Secondary Metabolite Degradation
PWY0-1277	3-phenylpropanoate and 3-(3-hydroxyphenyl)propanoate degradation	Degradation/Utilization/Assimilation	Aromatic Compound Degradation
PWY0-1296	purine ribonucleosides degradation	Degradation/Utilization/Assimilation	Nucleoside and Nucleotide Degradation
PWY0-1297	superpathway of purine deoxyribonucleosides degradation	Degradation/Utilization/Assimilation	Nucleoside and Nucleotide Degradation
PWY0-1298	superpathway of pyrimidine deoxyribonucleosides degradation	Degradation/Utilization/Assimilation	Nucleoside and Nucleotide Degradation
PWY0-1319	CDP-diacylglycerol biosynthesis II	Biosynthesis	Fatty Acid and Lipid Biosynthesis
PWY0-1338	polymyxin resistance	Biosynthesis	Cell Structure Biosynthesis
PWY0-1415	superpathway of heme b biosynthesis from uroporphyrinogen-III	Biosynthesis	"Cofactor, Prosthetic Group, Electron Carrier, and Vitamin Biosynthesis"
PWY0-1479	tRNA processing	Macromolecule Modification	Nucleic Acid Processing
PWY0-1533	methylphosphonate degradation I	Degradation/Utilization/Assimilation	Inorganic Nutrient Metabolism
PWY0-1586	peptidoglycan maturation (meso-diaminopimelate containing)	Biosynthesis	Cell Structure Biosynthesis
PWY0-162	superpathway of pyrimidine ribonucleotides de novo biosynthesis	Biosynthesis	Nucleoside and Nucleotide Biosynthesis
PWY0-166	superpathway of pyrimidine deoxyribonucleotides de novo biosynthesis (E. coli)	Biosynthesis	Nucleoside and Nucleotide Biosynthesis
PWY0-321	phenylacetate degradation I (aerobic)	Degradation/Utilization/Assimilation	Aromatic Compound Degradation
PWY0-41	allantoin degradation IV (anaerobic)	Degradation/Utilization/Assimilation	Amine and Polyamine Degradation
PWY0-42	2-methylcitrate cycle I	Degradation/Utilization/Assimilation	Carboxylate Degradation
PWY0-781	aspartate superpathway	Superpathways	aspartate superpathway
PWY0-845	superpathway of pyridoxal 5'-phosphate biosynthesis and salvage	Biosynthesis	"Cofactor, Prosthetic Group, Electron Carrier, and Vitamin Biosynthesis"
PWY0-862	(5Z)-dodecenoate biosynthesis I	Biosynthesis	Fatty Acid and Lipid Biosynthesis
PWY1G-0	mycothiol biosynthesis	Biosynthesis	"Cofactor, Prosthetic Group, Electron Carrier, and Vitamin Biosynthesis"
PWY490-3	nitrate reduction VI (assimilatory)	Degradation/Utilization/Assimilation	Inorganic Nutrient Metabolism
PWY4FS-7	phosphatidylglycerol biosynthesis I (plastidic)	Biosynthesis	Fatty Acid and Lipid Biosynthesis
PWY4FS-8	phosphatidylglycerol biosynthesis II (non-plastidic)	Biosynthesis	Fatty Acid and Lipid Biosynthesis
PWYG-321	mycolate biosynthesis	Biosynthesis	Fatty Acid and Lipid Biosynthesis
PYRIDNUCSAL-PWY	NAD salvage pathway I (PNC VI cycle)	Biosynthesis	"Cofactor, Prosthetic Group, Electron Carrier, and Vitamin Biosynthesis"
PYRIDNUCSYN-PWY	NAD de novo biosynthesis I (from aspartate)	Biosynthesis	"Cofactor, Prosthetic Group, Electron Carrier, and Vitamin Biosynthesis"
PYRIDOXSYN-PWY	pyridoxal 5'-phosphate biosynthesis I	Biosynthesis	"Cofactor, Prosthetic Group, Electron Carrier, and Vitamin Biosynthesis"
REDCITCYC	TCA cycle VIII (helicobacter)	Generation of Precursor Metabolite and Energy	TCA cycle
RHAMCAT-PWY	L-rhamnose degradation I	Degradation/Utilization/Assimilation	Carbohydrate Degradation
RIBOSYN2-PWY	flavin biosynthesis I (bacteria and plants)	Biosynthesis	"Cofactor, Prosthetic Group, Electron Carrier, and Vitamin Biosynthesis"
RUMP-PWY	formaldehyde oxidation I	Degradation/Utilization/Assimilation	C1 Compound Utilization and Assimilation
SALVADEHYPOX-PWY	adenosine nucleotides degradation II	Degradation/Utilization/Assimilation	Nucleoside and Nucleotide Degradation
SER-GLYSYN-PWY	superpathway of L-serine and glycine biosynthesis I	Biosynthesis	Amino Acid Biosynthesis
SO4ASSIM-PWY	assimilatory sulfate reduction I	Degradation/Utilization/Assimilation	Inorganic Nutrient Metabolism
SUCSYN-PWY	sucrose biosynthesis I (from photosynthesis)	Biosynthesis	Carbohydrate Biosynthesis
SULFATE-CYS-PWY	superpathway of sulfate assimilation and cysteine biosynthesis	Degradation/Utilization/Assimilation	Inorganic Nutrient Metabolism
TCA	TCA cycle I (prokaryotic)	Generation of Precursor Metabolite and Energy	TCA cycle
TCA-GLYOX-BYPASS	superpathway of glyoxylate bypass and TCA	Generation of Precursor Metabolite and Energy	TCA cycle
TEICHOICACID-PWY	poly(glycerol phosphate) wall teichoic acid biosynthesis	Biosynthesis	Cell Structure Biosynthesis
THISYN-PWY	superpathway of thiamine diphosphate biosynthesis I	Biosynthesis	"Cofactor, Prosthetic Group, Electron Carrier, and Vitamin Biosynthesis"
THREOCAT-PWY	superpathway of L-threonine metabolism	Degradation/Utilization/Assimilation	Amino Acid Degradation
THRESYN-PWY	superpathway of L-threonine biosynthesis	Biosynthesis	Amino Acid Biosynthesis
TRNA-CHARGING-PWY	tRNA charging	Biosynthesis	Aminoacyl-tRNA Charging
TRPSYN-PWY	L-tryptophan biosynthesis	Biosynthesis	Amino Acid Biosynthesis
TYRFUMCAT-PWY	L-tyrosine degradation I	Degradation/Utilization/Assimilation	Amino Acid Degradation
UBISYN-PWY	superpathway of ubiquinol-8 biosynthesis (prokaryotic)	Biosynthesis	"Cofactor, Prosthetic Group, Electron Carrier, and Vitamin Biosynthesis"
UDPNAGSYN-PWY	UDP-N-acetyl-D-glucosamine biosynthesis I	Biosynthesis	Carbohydrate Biosynthesis
VALSYN-PWY	L-valine biosynthesis	Biosynthesis	Amino Acid Biosynthesis
