"ID","Pathway_L1","Pathway_L2","Pathway_L3"
"K00007","Metabolic pathways","Pentose and glucuronate interconversions","Fructose and mannose metabolism"
"K00008","Metabolic pathways","Pentose and glucuronate interconversions","Fructose and mannose metabolism"
"K00010","Metabolic pathways","Biosynthesis of secondary metabolites","Microbial metabolism in diverse environments"
"K00015","Metabolic pathways","Biosynthesis of secondary metabolites","Microbial metabolism in diverse environments"
"K00019","Metabolic pathways","Butanoate metabolism","Butanoate metabolism"
"K00023","Metabolic pathways","Microbial metabolism in diverse environments","Carbon metabolism"
"K00025","Metabolic pathways","Biosynthesis of secondary metabolites","Microbial metabolism in diverse environments"
"K00035","Metabolic pathways","Galactose metabolism","Galactose metabolism"
"K00039","Metabolic pathways","Pentose and glucuronate interconversions","Pentose and glucuronate interconversions"
"K00040","Metabolic pathways","Microbial metabolism in diverse environments","Pentose and glucuronate interconversions"
"K00041","Metabolic pathways","Microbial metabolism in diverse environments","Pentose and glucuronate interconversions"
"K00042","Metabolic pathways","Glyoxylate and dicarboxylate metabolism","Glyoxylate and dicarboxylate metabolism"
"K00045","Metabolic pathways","Fructose and mannose metabolism","Fructose and mannose metabolism"
"K00060","Metabolic pathways","Glycine, serine and threonine metabolism","Glycine, serine and threonine metabolism"
"K00064","Metabolic pathways","Biosynthesis of secondary metabolites","Microbial metabolism in diverse environments"
"K00068","Metabolic pathways","Fructose and mannose metabolism","Fructose and mannose metabolism"
"K00073","Metabolic pathways","Microbial metabolism in diverse environments","Purine metabolism"
"K00090","Metabolic pathways","Biosynthesis of secondary metabolites","Microbial metabolism in diverse environments"
"K00101","Metabolic pathways","Pyruvate metabolism","Pyruvate metabolism"
"K00102","Metabolic pathways","Pyruvate metabolism","Pyruvate metabolism"
"K00105","Metabolic pathways","Biosynthesis of secondary metabolites","Glycerophospholipid metabolism"
"K00108","Metabolic pathways","Glycine, serine and threonine metabolism","One carbon pool by folate"
"K00112","Metabolic pathways","Biosynthesis of secondary metabolites","Glycerophospholipid metabolism"
"K00113","Metabolic pathways","Biosynthesis of secondary metabolites","Glycerophospholipid metabolism"
"K00114","Metabolic pathways","Biosynthesis of secondary metabolites","Microbial metabolism in diverse environments"
"K00130","Metabolic pathways","Glycine, serine and threonine metabolism","One carbon pool by folate"
"K00131","Metabolic pathways","Microbial metabolism in diverse environments","Carbon metabolism"
"K00137","Metabolic pathways","Microbial metabolism in diverse environments","Lysine degradation"
"K00138","Metabolic pathways","Biosynthesis of secondary metabolites","Microbial metabolism in diverse environments"
"K00140","Metabolic pathways","Microbial metabolism in diverse environments","Carbon metabolism"
"K00146","Metabolic pathways","Microbial metabolism in diverse environments","Tyrosine metabolism"
"K00151","Metabolic pathways","Microbial metabolism in diverse environments","Degradation of aromatic compounds"
"K00166","Metabolic pathways","Biosynthesis of secondary metabolites","2-Oxocarboxylic acid metabolism"
"K00167","Metabolic pathways","Biosynthesis of secondary metabolites","2-Oxocarboxylic acid metabolism"
"K00174","Metabolic pathways","Biosynthesis of secondary metabolites","Microbial metabolism in diverse environments"
"K00175","Metabolic pathways","Biosynthesis of secondary metabolites","Microbial metabolism in diverse environments"
"K00176","Metabolic pathways","Biosynthesis of secondary metabolites","Microbial metabolism in diverse environments"
"K00177","Metabolic pathways","Biosynthesis of secondary metabolites","Microbial metabolism in diverse environments"
"K00209","Metabolic pathways","Biosynthesis of secondary metabolites","Microbial metabolism in diverse environments"
"K00216","Biosynthesis of secondary metabolites","Biosynthesis of siderophore group nonribosomal peptides","Biosynthesis of siderophore group nonribosomal peptides"
"K00245","Metabolic pathways","Biosynthesis of secondary metabolites","Microbial metabolism in diverse environments"
"K00246","Metabolic pathways","Biosynthesis of secondary metabolites","Microbial metabolism in diverse environments"
"K00247","Metabolic pathways","Biosynthesis of secondary metabolites","Microbial metabolism in diverse environments"
"K00248","Metabolic pathways","Biosynthesis of secondary metabolites","Microbial metabolism in diverse environments"
"K00249","Metabolic pathways","Biosynthesis of secondary metabolites","Fatty acid metabolism"
"K00252","Metabolic pathways","Biosynthesis of secondary metabolites","Microbial metabolism in diverse environments"
"K00253","Metabolic pathways","Valine, leucine and isoleucine degradation","Valine, leucine and isoleucine degradation"
"K00259","Metabolic pathways","Alanine, aspartate and glutamate metabolism","Taurine and hypotaurine metabolism"
"K00261","Metabolic pathways","Microbial metabolism in diverse environments","Carbon metabolism"
"K00263","Metabolic pathways","Biosynthesis of secondary metabolites","Valine, leucine and isoleucine degradation"
"K00276","Metabolic pathways","Biosynthesis of secondary metabolites","Glycine, serine and threonine metabolism"
"K00301","Metabolic pathways","Glycine, serine and threonine metabolism","Glycine, serine and threonine metabolism"
"K00303","Metabolic pathways","Glycine, serine and threonine metabolism","Glycine, serine and threonine metabolism"
"K00316","Metabolic pathways","Arginine and proline metabolism","beta-Alanine metabolism"
"K00322","Metabolic pathways","Nicotinate and nicotinamide metabolism","Nicotinate and nicotinamide metabolism"
"K00362","Metabolic pathways","Microbial metabolism in diverse environments","Nitrogen cycle"
"K00363","Metabolic pathways","Microbial metabolism in diverse environments","Nitrogen cycle"
"K00368","Metabolic pathways","Microbial metabolism in diverse environments","Nitrogen cycle"
"K00370","Metabolic pathways","Microbial metabolism in diverse environments","Nitrogen cycle"
"K00371","Metabolic pathways","Microbial metabolism in diverse environments","Nitrogen cycle"
"K00372","Metabolic pathways","Microbial metabolism in diverse environments","Nitrogen cycle"
"K00373","Two-component system","Two-component system","Two-component system"
"K00374","Metabolic pathways","Microbial metabolism in diverse environments","Nitrogen cycle"
"K00376","Metabolic pathways","Microbial metabolism in diverse environments","Nitrogen cycle"
"K00404","Metabolic pathways","Oxidative phosphorylation","Two-component system"
"K00405","Metabolic pathways","Oxidative phosphorylation","Two-component system"
"K00406","Metabolic pathways","Oxidative phosphorylation","Two-component system"
"K00407","Metabolic pathways","Oxidative phosphorylation","Two-component system"
"K00435","Metabolic pathways","Biosynthesis of secondary metabolites","Biosynthesis of cofactors"
"K00448","Metabolic pathways","Microbial metabolism in diverse environments","Degradation of aromatic compounds"
"K00449","Metabolic pathways","Microbial metabolism in diverse environments","Degradation of aromatic compounds"
"K00451","Metabolic pathways","Microbial metabolism in diverse environments","Tyrosine metabolism"
"K00453","Metabolic pathways","Biosynthesis of cofactors","Tryptophan metabolism"
"K00457","Metabolic pathways","Biosynthesis of cofactors","Tyrosine metabolism"
"K00480","Metabolic pathways","Microbial metabolism in diverse environments","Degradation of aromatic compounds"
"K00483","Metabolic pathways","Microbial metabolism in diverse environments","Degradation of aromatic compounds"
"K00484","Metabolic pathways","Microbial metabolism in diverse environments","Degradation of aromatic compounds"
"K00500","Metabolic pathways","Biosynthesis of amino acids","Phenylalanine metabolism"
"K00507","Metabolic pathways","Fatty acid metabolism","Biosynthesis of unsaturated fatty acids"
"K00508","Metabolic pathways","Linoleic acid metabolism","Linoleic acid metabolism"
"K00523","Metabolic pathways","Biosynthesis of nucleotide sugars","Biosynthesis of various nucleotide sugars"
"K00529","Metabolic pathways","Microbial metabolism in diverse environments","Degradation of aromatic compounds"
"K00569","Drug metabolism - other enzymes","Drug metabolism - other enzymes","Drug metabolism - other enzymes"
"K00595","Metabolic pathways","Biosynthesis of cofactors","Porphyrin metabolism"
"K00619","Metabolic pathways","Biosynthesis of secondary metabolites","2-Oxocarboxylic acid metabolism"
"K00631","Metabolic pathways","Biosynthesis of secondary metabolites","Glycerolipid metabolism"
"K00632","Metabolic pathways","Biosynthesis of secondary metabolites","Microbial metabolism in diverse environments"
"K00635","Metabolic pathways","Biosynthesis of secondary metabolites","Cutin, suberine and wax biosynthesis"
"K00639","Metabolic pathways","Glycine, serine and threonine metabolism","Glycine, serine and threonine metabolism"
"K00647","Metabolic pathways","Fatty acid metabolism","Biosynthesis of cofactors"
"K00654","Metabolic pathways","Sphingolipid metabolism","Sphingolipid signaling pathway"
"K00673","Metabolic pathways","Arginine and proline metabolism","Arginine and proline metabolism"
"K00687","Metabolic pathways","Peptidoglycan biosynthesis","beta-Lactam resistance"
"K00689","Metabolic pathways","Starch and sucrose metabolism","Two-component system"
"K00690","Metabolic pathways","Starch and sucrose metabolism","Starch and sucrose metabolism"
"K00692","Metabolic pathways","Starch and sucrose metabolism","Two-component system"
"K00694","Metabolic pathways","Starch and sucrose metabolism","Biofilm formation - Escherichia coli"
"K00697","Metabolic pathways","Biosynthesis of secondary metabolites","Starch and sucrose metabolism"
"K00757","Metabolic pathways","Nucleotide metabolism","Pyrimidine metabolism"
"K00758","Metabolic pathways","Nucleotide metabolism","Pyrimidine metabolism"
"K00813","Metabolic pathways","Biosynthesis of secondary metabolites","2-Oxocarboxylic acid metabolism"
"K00822","Metabolic pathways","Propanoate metabolism","Valine, leucine and isoleucine degradation"
"K00824","Metabolic pathways","Microbial metabolism in diverse environments","Lysine degradation"
"K00835","Metabolic pathways","Biosynthesis of secondary metabolites","Valine, leucine and isoleucine biosynthesis"
"K00836","Metabolic pathways","Biosynthesis of secondary metabolites","Microbial metabolism in diverse environments"
"K00839","Metabolic pathways","Purine metabolism","Purine metabolism"
"K00840","Metabolic pathways","Arginine and proline metabolism","Arginine and proline metabolism"
"K00848","Metabolic pathways","Microbial metabolism in diverse environments","Pentose and glucuronate interconversions"
"K00855","Metabolic pathways","Microbial metabolism in diverse environments","Carbon metabolism"
"K00860","Metabolic pathways","Microbial metabolism in diverse environments","Sulfur cycle"
"K00863","Metabolic pathways","Biosynthesis of secondary metabolites","Microbial metabolism in diverse environments"
"K00880","Metabolic pathways","Pentose and glucuronate interconversions","Ascorbate and aldarate metabolism"
"K00881","Metabolic pathways","Microbial metabolism in diverse environments","Fructose and mannose metabolism"
"K00883","Metabolic pathways","Galactose metabolism","Galactose metabolism"
"K00884","Metabolic pathways","Biosynthesis of nucleotide sugars","Amino sugar and nucleotide sugar metabolism"
"K00885","Metabolic pathways","Amino sugar and nucleotide sugar metabolism","Biosynthesis of various nucleotide sugars"
"K00892","Metabolic pathways","Nucleotide metabolism","Purine metabolism"
"K00899","Metabolic pathways","Cysteine and methionine metabolism","Cysteine and methionine metabolism"
"K00917","Metabolic pathways","Galactose metabolism","Galactose metabolism"
"K00998","Metabolic pathways","Biosynthesis of secondary metabolites","Glycerophospholipid metabolism"
"K01003","Metabolic pathways","Pyruvate metabolism","Pyruvate metabolism"
"K01006","Metabolic pathways","Biosynthesis of secondary metabolites","Microbial metabolism in diverse environments"
"K01008","Metabolic pathways","Selenocompound metabolism","Selenocompound metabolism"
"K01011","Metabolic pathways","Microbial metabolism in diverse environments","Sulfur metabolism"
"K01028","Metabolic pathways","Butanoate metabolism","Valine, leucine and isoleucine degradation"
"K01029","Metabolic pathways","Butanoate metabolism","Valine, leucine and isoleucine degradation"
"K01031","Metabolic pathways","Microbial metabolism in diverse environments","Benzoate degradation"
"K01032","Metabolic pathways","Microbial metabolism in diverse environments","Benzoate degradation"
"K01034","Metabolic pathways","Microbial metabolism in diverse environments","Butanoate metabolism"
"K01035","Metabolic pathways","Microbial metabolism in diverse environments","Butanoate metabolism"
"K01039","Metabolic pathways","Microbial metabolism in diverse environments","Butanoate metabolism"
"K01040","Metabolic pathways","Microbial metabolism in diverse environments","Butanoate metabolism"
"K01042","Metabolic pathways","Selenocompound metabolism","Aminoacyl-tRNA biosynthesis"
"K01046","Metabolic pathways","Biosynthesis of secondary metabolites","Glycerolipid metabolism"
"K01051","Metabolic pathways","Microbial metabolism in diverse environments","Pentose and glucuronate interconversions"
"K01055","Metabolic pathways","Microbial metabolism in diverse environments","Degradation of aromatic compounds"
"K01058","Metabolic pathways","Biosynthesis of secondary metabolites","Glycerophospholipid metabolism"
"K01061","Metabolic pathways","Microbial metabolism in diverse environments","Fluorobenzoate degradation"
"K01075","Metabolic pathways","Biosynthesis of secondary metabolites","Microbial metabolism in diverse environments"
"K01077","Metabolic pathways","Biosynthesis of cofactors","Thiamine metabolism"
"K01078","Metabolic pathways","Thiamine metabolism","Riboflavin metabolism"
"K01083","Metabolic pathways","Inositol phosphate metabolism","Inositol phosphate metabolism"
"K01085","Microbial metabolism in diverse environments","Glycolysis / Gluconeogenesis","Glycolysis / Gluconeogenesis"
"K01087","Metabolic pathways","Biosynthesis of secondary metabolites","Starch and sucrose metabolism"
"K01089","Metabolic pathways","Biosynthesis of secondary metabolites","Biosynthesis of amino acids"
"K01093","Metabolic pathways","Inositol phosphate metabolism","Riboflavin metabolism"
"K01096","Metabolic pathways","Glycerophospholipid metabolism","Glycerophospholipid metabolism"
"K01113","Metabolic pathways","Biosynthesis of cofactors","Folate biosynthesis"
"K01114","Metabolic pathways","Biosynthesis of secondary metabolites","Inositol phosphate metabolism"
"K01120","Metabolic pathways","Purine metabolism","Purine metabolism"
"K01130","Metabolic pathways","Sphingolipid metabolism","Sphingolipid metabolism"
"K01141","Mismatch repair","Mismatch repair","Mismatch repair"
"K01176","Metabolic pathways","Biosynthesis of secondary metabolites","Starch and sucrose metabolism"
"K01179","Metabolic pathways","Starch and sucrose metabolism","Two-component system"
"K01181","Plant-pathogen interaction","Plant-pathogen interaction","Plant-pathogen interaction"
"K01184","Metabolic pathways","Microbial metabolism in diverse environments","Pentose and glucuronate interconversions"
"K01192","Other glycan degradation","Lysosome biogenesis","Lysosome biogenesis"
"K01194","Metabolic pathways","Biosynthesis of secondary metabolites","Starch and sucrose metabolism"
"K01222","Glycolysis / Gluconeogenesis","Starch and sucrose metabolism","Starch and sucrose metabolism"
"K01236","Metabolic pathways","Biosynthesis of secondary metabolites","Starch and sucrose metabolism"
"K01241","Metabolic pathways","Nucleotide metabolism","Purine metabolism"
"K01250","Metabolic pathways","Nucleotide metabolism","Pyrimidine metabolism"
"K01252","Biosynthesis of secondary metabolites","Biosynthesis of siderophore group nonribosomal peptides","Biosynthesis of siderophore group nonribosomal peptides"
"K01253","Metabolism of xenobiotics by cytochrome P450","Bile secretion","Chemical carcinogenesis - DNA adducts"
"K01322","Renin-angiotensin system","Renin-angiotensin system","Renin-angiotensin system"
"K01406","Cationic antimicrobial peptide (CAMP) resistance","Cationic antimicrobial peptide (CAMP) resistance","Cationic antimicrobial peptide (CAMP) resistance"
"K01425","Metabolic pathways","Biosynthesis of secondary metabolites","Alanine, aspartate and glutamate metabolism"
"K01428","Metabolic pathways","Microbial metabolism in diverse environments","Purine metabolism"
"K01434","Biosynthesis of secondary metabolites","Penicillin and cephalosporin biosynthesis","Penicillin and cephalosporin biosynthesis"
"K01444","Other glycan degradation","Lysosome biogenesis","Lysosome biogenesis"
"K01446","Toll and Imd signaling pathway","Toll and Imd signaling pathway","Toll and Imd signaling pathway"
"K01455","Metabolic pathways","Carbon metabolism","Glyoxylate and dicarboxylate metabolism"
"K01457","Metabolic pathways","Biosynthesis of secondary metabolites","Microbial metabolism in diverse environments"
"K01458","Metabolic pathways","Glyoxylate and dicarboxylate metabolism","Histidine metabolism"
"K01460","Metabolic pathways","Glutathione metabolism","Glutathione metabolism"
"K01464","Metabolic pathways","Pyrimidine metabolism","beta-Alanine metabolism"
"K01467","Two-component system","beta-Lactam resistance","beta-Lactam resistance"
"K01468","Metabolic pathways","Histidine metabolism","Histidine metabolism"
"K01470","Metabolic pathways","Arginine and proline metabolism","Arginine and proline metabolism"
"K01473","Metabolic pathways","Arginine and proline metabolism","Arginine and proline metabolism"
"K01474","Metabolic pathways","Arginine and proline metabolism","Arginine and proline metabolism"
"K01476","Metabolic pathways","Biosynthesis of secondary metabolites","Biosynthesis of amino acids"
"K01477","Metabolic pathways","Microbial metabolism in diverse environments","Purine metabolism"
"K01479","Metabolic pathways","Histidine metabolism","Histidine metabolism"
"K01480","Metabolic pathways","Biosynthesis of secondary metabolites","Arginine and proline metabolism"
"K01483","Metabolic pathways","Purine metabolism","Purine metabolism"
"K01484","Metabolic pathways","Arginine and proline metabolism","Arginine and proline metabolism"
"K01501","Metabolic pathways","Microbial metabolism in diverse environments","Nitrogen metabolism"
"K01502","Microbial metabolism in diverse environments","Styrene degradation","Styrene degradation"
"K01505","Metabolic pathways","Cysteine and methionine metabolism","Cysteine and methionine metabolism"
"K01521","Biosynthesis of secondary metabolites","Glycerophospholipid metabolism","Glycerophospholipid metabolism"
"K01546","Two-component system","Two-component system","Two-component system"
"K01547","Two-component system","Two-component system","Two-component system"
"K01548","Two-component system","Two-component system","Two-component system"
"K01551","Protein export","Protein export","Protein export"
"K01556","Metabolic pathways","Biosynthesis of cofactors","Tryptophan metabolism"
"K01561","Metabolic pathways","Microbial metabolism in diverse environments","Chloroalkane and chloroalkene degradation"
"K01571","Metabolic pathways","Pyruvate metabolism","Pyruvate metabolism"
"K01573","Metabolic pathways","Pyruvate metabolism","Pyruvate metabolism"
"K01576","Microbial metabolism in diverse environments","Aminobenzoate degradation","Aminobenzoate degradation"
"K01579","Metabolic pathways","Biosynthesis of secondary metabolites","Biosynthesis of cofactors"
"K01582","Metabolic pathways","Biosynthesis of secondary metabolites","Microbial metabolism in diverse environments"
"K01584","Metabolic pathways","Biosynthesis of secondary metabolites","Arginine and proline metabolism"
"K01585","Metabolic pathways","Biosynthesis of secondary metabolites","Arginine and proline metabolism"
"K01596","Metabolic pathways","Biosynthesis of secondary metabolites","Microbial metabolism in diverse environments"
"K01598","Metabolic pathways","Biosynthesis of cofactors","Pantothenate and CoA biosynthesis"
"K01608","Metabolic pathways","Glyoxylate and dicarboxylate metabolism","Glyoxylate and dicarboxylate metabolism"
"K01610","Metabolic pathways","Biosynthesis of secondary metabolites","Microbial metabolism in diverse environments"
"K01623","Metabolic pathways","Biosynthesis of secondary metabolites","Microbial metabolism in diverse environments"
"K01628","Metabolic pathways","Microbial metabolism in diverse environments","Pentose and glucuronate interconversions"
"K01629","Metabolic pathways","Microbial metabolism in diverse environments","Pentose and glucuronate interconversions"
"K01630","Metabolic pathways","Ascorbate and aldarate metabolism","Ascorbate and aldarate metabolism"
"K01631","Metabolic pathways","Galactose metabolism","Galactose metabolism"
"K01635","Metabolic pathways","Galactose metabolism","Quorum sensing"
"K01637","Metabolic pathways","Biosynthesis of secondary metabolites","Microbial metabolism in diverse environments"
"K01638","Metabolic pathways","Biosynthesis of secondary metabolites","Microbial metabolism in diverse environments"
"K01639","Metabolic pathways","Biosynthesis of various nucleotide sugars","Biosynthesis of various nucleotide sugars"
"K01640","Metabolic pathways","Microbial metabolism in diverse environments","Butanoate metabolism"
"K01654","Metabolic pathways","Biosynthesis of nucleotide sugars","Biosynthesis of various nucleotide sugars"
"K01659","Metabolic pathways","Biosynthesis of secondary metabolites","Microbial metabolism in diverse environments"
"K01664","Biosynthesis of cofactors","Folate biosynthesis","Folate biosynthesis"
"K01667","Metabolic pathways","Tryptophan metabolism","Tryptophan metabolism"
"K01676","Metabolic pathways","Biosynthesis of secondary metabolites","Microbial metabolism in diverse environments"
"K01677","Metabolic pathways","Biosynthesis of secondary metabolites","Microbial metabolism in diverse environments"
"K01678","Metabolic pathways","Biosynthesis of secondary metabolites","Microbial metabolism in diverse environments"
"K01684","Metabolic pathways","Microbial metabolism in diverse environments","Galactose metabolism"
"K01685","Metabolic pathways","Microbial metabolism in diverse environments","Pentose and glucuronate interconversions"
"K01686","Metabolic pathways","Microbial metabolism in diverse environments","Pentose and glucuronate interconversions"
"K01692","Metabolic pathways","Biosynthesis of secondary metabolites","Microbial metabolism in diverse environments"
"K01697","Metabolic pathways","Biosynthesis of secondary metabolites","Biosynthesis of amino acids"
"K01699","Metabolic pathways","Propanoate metabolism","Propanoate metabolism"
"K01706","Metabolic pathways","Ascorbate and aldarate metabolism","Ascorbate and aldarate metabolism"
"K01707","Metabolic pathways","Ascorbate and aldarate metabolism","Ascorbate and aldarate metabolism"
"K01708","Metabolic pathways","Ascorbate and aldarate metabolism","Ascorbate and aldarate metabolism"
"K01711","Metabolic pathways","Biosynthesis of nucleotide sugars","Fructose and mannose metabolism"
"K01712","Metabolic pathways","Histidine metabolism","Histidine metabolism"
"K01713","Metabolic pathways","Biosynthesis of secondary metabolites","Biosynthesis of amino acids"
"K01715","Metabolic pathways","Biosynthesis of secondary metabolites","Carbon metabolism"
"K01716","Metabolic pathways","Fatty acid metabolism","Fatty acid biosynthesis"
"K01720","Metabolic pathways","Microbial metabolism in diverse environments","Carbon metabolism"
"K01724","Metabolic pathways","Folate biosynthesis","Folate biosynthesis"
"K01725","Metabolic pathways","Nitrogen metabolism","Nitrogen metabolism"
"K01728","Metabolic pathways","Microbial metabolism in diverse environments","Pentose and glucuronate interconversions"
"K01734","Metabolic pathways","Microbial metabolism in diverse environments","Propanoate metabolism"
"K01745","Metabolic pathways","Histidine metabolism","Cornified envelope formation"
"K01750","Metabolic pathways","Biosynthesis of secondary metabolites","Biosynthesis of amino acids"
"K01758","Metabolic pathways","Biosynthesis of secondary metabolites","Biosynthesis of amino acids"
"K01761","Metabolic pathways","Cysteine and methionine metabolism","Selenocompound metabolism"
"K01768","Metabolic pathways","Purine metabolism","Meiosis - yeast"
"K01782","Metabolic pathways","Biosynthesis of secondary metabolites","Microbial metabolism in diverse environments"
"K01792","Metabolic pathways","Biosynthesis of secondary metabolites","Microbial metabolism in diverse environments"
"K01796","Metabolic pathways","Microbial metabolism in diverse environments","Primary bile acid biosynthesis"
"K01800","Metabolic pathways","Microbial metabolism in diverse environments","Tyrosine metabolism"
"K01801","Metabolic pathways","Microbial metabolism in diverse environments","Tyrosine metabolism"
"K01812","Metabolic pathways","Microbial metabolism in diverse environments","Pentose and glucuronate interconversions"
"K01813","Metabolic pathways","Microbial metabolism in diverse environments","Fructose and mannose metabolism"
"K01815","Metabolic pathways","Microbial metabolism in diverse environments","Pentose and glucuronate interconversions"
"K01825","Metabolic pathways","Biosynthesis of secondary metabolites","Microbial metabolism in diverse environments"
"K01826","Metabolic pathways","Microbial metabolism in diverse environments","Degradation of aromatic compounds"
"K01847","Metabolic pathways","Microbial metabolism in diverse environments","Carbon metabolism"
"K01848","Metabolic pathways","Microbial metabolism in diverse environments","Carbon metabolism"
"K01849","Metabolic pathways","Microbial metabolism in diverse environments","Carbon metabolism"
"K01856","Metabolic pathways","Microbial metabolism in diverse environments","Degradation of aromatic compounds"
"K01857","Metabolic pathways","Microbial metabolism in diverse environments","Degradation of aromatic compounds"
"K01906","Metabolic pathways","Biosynthesis of cofactors","Biotin metabolism"
"K01908","Metabolic pathways","Propanoate metabolism","Propanoate metabolism"
"K01912","Metabolic pathways","Microbial metabolism in diverse environments","Phenylalanine metabolism"
"K01922","Metabolic pathways","Biosynthesis of cofactors","Pantothenate and CoA biosynthesis"
"K01941","Metabolic pathways","Biosynthesis of secondary metabolites","Microbial metabolism in diverse environments"
"K01947","Metabolic pathways","Biosynthesis of cofactors","Pantothenate and CoA biosynthesis"
"K01958","Metabolic pathways","Microbial metabolism in diverse environments","Carbon metabolism"
"K01959","Metabolic pathways","Microbial metabolism in diverse environments","Carbon metabolism"
"K01960","Metabolic pathways","Microbial metabolism in diverse environments","Carbon metabolism"
"K01968","Metabolic pathways","Valine, leucine and isoleucine degradation","Valine, leucine and isoleucine degradation"
"K01969","Metabolic pathways","Valine, leucine and isoleucine degradation","Valine, leucine and isoleucine degradation"
"K01971","Non-homologous end-joining","Non-homologous end-joining","Non-homologous end-joining"
"K02001","ABC transporters","ABC transporters","ABC transporters"
"K02006","ABC transporters","ABC transporters","ABC transporters"
"K02007","ABC transporters","ABC transporters","ABC transporters"
"K02008","ABC transporters","ABC transporters","ABC transporters"
"K02009","ABC transporters","ABC transporters","ABC transporters"
"K02010","ABC transporters","ABC transporters","ABC transporters"
"K02011","ABC transporters","ABC transporters","ABC transporters"
"K02012","ABC transporters","ABC transporters","ABC transporters"
"K02053","Quorum sensing","Quorum sensing","Quorum sensing"
"K02054","Quorum sensing","Quorum sensing","Quorum sensing"
"K02062","ABC transporters","ABC transporters","ABC transporters"
"K02082","Metabolic pathways","Galactose metabolism","Galactose metabolism"
"K02106","Two-component system","Two-component system","Two-component system"
"K02190","Metabolic pathways","Biosynthesis of cofactors","Porphyrin metabolism"
"K02196","ABC transporters","ABC transporters","ABC transporters"
"K02203","Metabolic pathways","Biosynthesis of secondary metabolites","Microbial metabolism in diverse environments"
"K02225","Metabolic pathways","Biosynthesis of cofactors","Porphyrin metabolism"
"K02228","Metabolic pathways","Biosynthesis of cofactors","Porphyrin metabolism"
"K02229","Metabolic pathways","Biosynthesis of cofactors","Porphyrin metabolism"
"K02230","Metabolic pathways","Biosynthesis of cofactors","Porphyrin metabolism"
"K02258","Metabolic pathways","Oxidative phosphorylation","Thermogenesis"
"K02259","Metabolic pathways","Biosynthesis of secondary metabolites","Biosynthesis of cofactors"
"K02274","Metabolic pathways","Oxidative phosphorylation","Oxidative phosphorylation"
"K02275","Metabolic pathways","Oxidative phosphorylation","Oxidative phosphorylation"
"K02276","Metabolic pathways","Oxidative phosphorylation","Oxidative phosphorylation"
"K02279","Two-component system","Two-component system","Two-component system"
"K02280","Two-component system","Two-component system","Two-component system"
"K02282","Two-component system","Two-component system","Two-component system"
"K02303","Metabolic pathways","Biosynthesis of secondary metabolites","Microbial metabolism in diverse environments"
"K02305","Metabolic pathways","Microbial metabolism in diverse environments","Nitrogen cycle"
"K02317","Homologous recombination","Homologous recombination","Homologous recombination"
"K02344","DNA replication","Mismatch repair","Homologous recombination"
"K02345","DNA replication","Mismatch repair","Homologous recombination"
"K02361","Metabolic pathways","Biosynthesis of secondary metabolites","Ubiquinone and other terpenoid-quinone biosynthesis"
"K02362","Metabolic pathways","Biosynthesis of secondary metabolites","Mycolic acid biosynthesis"
"K02363","Biosynthesis of secondary metabolites","Biosynthesis of siderophore group nonribosomal peptides","Biosynthesis of siderophore group nonribosomal peptides"
"K02364","Biosynthesis of secondary metabolites","Biosynthesis of siderophore group nonribosomal peptides","Biosynthesis of siderophore group nonribosomal peptides"
"K02377","Metabolic pathways","Biosynthesis of nucleotide sugars","Fructose and mannose metabolism"
"K02395","Flagellar assembly","Flagellar assembly","Flagellar assembly"
"K02398","Two-component system","Biofilm formation - Pseudomonas aeruginosa","Biofilm formation - Escherichia coli"
"K02399","Flagellar assembly","Flagellar assembly","Flagellar assembly"
"K02402","Two-component system","Quorum sensing","Biofilm formation - Escherichia coli"
"K02403","Two-component system","Quorum sensing","Biofilm formation - Escherichia coli"
"K02411","Flagellar assembly","Flagellar assembly","Flagellar assembly"
"K02413","Flagellar assembly","Flagellar assembly","Flagellar assembly"
"K02414","Flagellar assembly","Flagellar assembly","Flagellar assembly"
"K02418","Flagellar assembly","Flagellar assembly","Flagellar assembly"
"K02423","Flagellar assembly","Flagellar assembly","Flagellar assembly"
"K02425","Biofilm formation - Escherichia coli","Flagellar assembly","Flagellar assembly"
"K02438","Metabolic pathways","Starch and sucrose metabolism","Starch and sucrose metabolism"
"K02439","Metabolic pathways","Biosynthesis of secondary metabolites","Microbial metabolism in diverse environments"
"K02446","Metabolic pathways","Biosynthesis of secondary metabolites","Microbial metabolism in diverse environments"
"K02452","Bacterial secretion system","Biofilm formation - Vibrio cholerae","Biofilm formation - Vibrio cholerae"
"K02453","Bacterial secretion system","Biofilm formation - Vibrio cholerae","Biofilm formation - Vibrio cholerae"
"K02454","Bacterial secretion system","Biofilm formation - Vibrio cholerae","Biofilm formation - Vibrio cholerae"
"K02455","Bacterial secretion system","Biofilm formation - Vibrio cholerae","Biofilm formation - Vibrio cholerae"
"K02456","Bacterial secretion system","Biofilm formation - Vibrio cholerae","Biofilm formation - Vibrio cholerae"
"K02457","Bacterial secretion system","Biofilm formation - Vibrio cholerae","Biofilm formation - Vibrio cholerae"
"K02458","Bacterial secretion system","Biofilm formation - Vibrio cholerae","Biofilm formation - Vibrio cholerae"
"K02459","Bacterial secretion system","Biofilm formation - Vibrio cholerae","Biofilm formation - Vibrio cholerae"
"K02460","Bacterial secretion system","Biofilm formation - Vibrio cholerae","Biofilm formation - Vibrio cholerae"
"K02461","Bacterial secretion system","Biofilm formation - Vibrio cholerae","Biofilm formation - Vibrio cholerae"
"K02462","Bacterial secretion system","Biofilm formation - Vibrio cholerae","Biofilm formation - Vibrio cholerae"
"K02463","Biofilm formation - Vibrio cholerae","Biofilm formation - Vibrio cholerae","Biofilm formation - Vibrio cholerae"
"K02471","ABC transporters","ABC transporters","ABC transporters"
"K02472","Metabolic pathways","Biosynthesis of nucleotide sugars","Biosynthesis of various nucleotide sugars"
"K02474","Metabolic pathways","Biosynthesis of nucleotide sugars","Biosynthesis of various nucleotide sugars"
"K02510","Metabolic pathways","Microbial metabolism in diverse environments","Tyrosine metabolism"
"K02552","Metabolic pathways","Biosynthesis of secondary metabolites","Biosynthesis of cofactors"
"K02560","Metabolic pathways","Lipopolysaccharide biosynthesis","Lipopolysaccharide biosynthesis"
"K02566","Metabolic pathways","Biosynthesis of secondary metabolites","Nucleotide metabolism"
"K02567","Metabolic pathways","Microbial metabolism in diverse environments","Nitrogen cycle"
"K02568","Metabolic pathways","Microbial metabolism in diverse environments","Nitrogen cycle"
"K02609","Metabolic pathways","Microbial metabolism in diverse environments","Phenylalanine metabolism"
"K02610","Metabolic pathways","Microbial metabolism in diverse environments","Phenylalanine metabolism"
"K02611","Metabolic pathways","Microbial metabolism in diverse environments","Phenylalanine metabolism"
"K02612","Metabolic pathways","Microbial metabolism in diverse environments","Phenylalanine metabolism"
"K02613","Metabolic pathways","Microbial metabolism in diverse environments","Phenylalanine metabolism"
"K02614","Metabolic pathways","Phenylalanine metabolism","Phenylalanine metabolism"
"K02615","Metabolic pathways","Microbial metabolism in diverse environments","Phenylalanine metabolism"
"K02618","Metabolic pathways","Microbial metabolism in diverse environments","Phenylalanine metabolism"
"K02619","Biosynthesis of cofactors","Folate biosynthesis","Folate biosynthesis"
"K02650","Two-component system","Two-component system","Two-component system"
"K02651","Two-component system","Cell cycle - Caulobacter","Cell cycle - Caulobacter"
"K02657","Two-component system","Biofilm formation - Pseudomonas aeruginosa","Biofilm formation - Pseudomonas aeruginosa"
"K02658","Two-component system","Biofilm formation - Pseudomonas aeruginosa","Biofilm formation - Pseudomonas aeruginosa"
"K02659","Two-component system","Biofilm formation - Pseudomonas aeruginosa","Biofilm formation - Pseudomonas aeruginosa"
"K02660","Two-component system","Biofilm formation - Pseudomonas aeruginosa","Biofilm formation - Pseudomonas aeruginosa"
"K02746","Metabolic pathways","Galactose metabolism","Amino sugar and nucleotide sugar metabolism"
"K02747","Metabolic pathways","Galactose metabolism","Amino sugar and nucleotide sugar metabolism"
"K02753","Glycolysis / Gluconeogenesis","Phosphotransferase system (PTS)","Phosphotransferase system (PTS)"
"K02765","Amino sugar and nucleotide sugar metabolism","Phosphotransferase system (PTS)","Phosphotransferase system (PTS)"
"K02779","Metabolic pathways","Glycolysis / Gluconeogenesis","Amino sugar and nucleotide sugar metabolism"
"K02783","Metabolic pathways","Fructose and mannose metabolism","Phosphotransferase system (PTS)"
"K02784","Phosphotransferase system (PTS)","Phosphotransferase system (PTS)","Phosphotransferase system (PTS)"
"K02791","Metabolic pathways","Glycolysis / Gluconeogenesis","Starch and sucrose metabolism"
"K02804","Amino sugar and nucleotide sugar metabolism","Phosphotransferase system (PTS)","Phosphotransferase system (PTS)"
"K02805","Metabolic pathways","Biosynthesis of nucleotide sugars","Biosynthesis of various nucleotide sugars"
"K02841","Metabolic pathways","Lipopolysaccharide biosynthesis","Lipopolysaccharide biosynthesis"
"K02843","Metabolic pathways","Lipopolysaccharide biosynthesis","Lipopolysaccharide biosynthesis"
"K02844","Metabolic pathways","Lipopolysaccharide biosynthesis","Lipopolysaccharide biosynthesis"
"K02847","Metabolic pathways","Lipopolysaccharide biosynthesis","Lipopolysaccharide biosynthesis"
"K02848","Metabolic pathways","Lipopolysaccharide biosynthesis","Lipopolysaccharide biosynthesis"
"K02849","Metabolic pathways","Lipopolysaccharide biosynthesis","Lipopolysaccharide biosynthesis"
"K02852","Exopolysaccharide biosynthesis","Exopolysaccharide biosynthesis","Exopolysaccharide biosynthesis"
"K02858","Metabolic pathways","Biosynthesis of secondary metabolites","Biosynthesis of cofactors"
"K03077","Metabolic pathways","Microbial metabolism in diverse environments","Pentose and glucuronate interconversions"
"K03078","Metabolic pathways","Microbial metabolism in diverse environments","Pentose and glucuronate interconversions"
"K03079","Metabolic pathways","Microbial metabolism in diverse environments","Pentose and glucuronate interconversions"
"K03087","Biofilm formation - Vibrio cholerae","Biofilm formation - Escherichia coli","Biofilm formation - Escherichia coli"
"K03119","Sulfur metabolism","Taurine and hypotaurine metabolism","Taurine and hypotaurine metabolism"
"K03150","Metabolic pathways","Biosynthesis of cofactors","Thiamine metabolism"
"K03181","Metabolic pathways","Biosynthesis of secondary metabolites","Biosynthesis of cofactors"
"K03184","Metabolic pathways","Biosynthesis of secondary metabolites","Biosynthesis of cofactors"
"K03194","Bacterial secretion system","Bacterial secretion system","Bacterial secretion system"
"K03195","Bacterial secretion system","Bacterial secretion system","Bacterial secretion system"
"K03196","Bacterial secretion system","Epithelial cell signaling in Helicobacter pylori infection","Epithelial cell signaling in Helicobacter pylori infection"
"K03197","Bacterial secretion system","Legionellosis","Legionellosis"
"K03198","Bacterial secretion system","Bacterial secretion system","Bacterial secretion system"
"K03199","Bacterial secretion system","Bacterial secretion system","Bacterial secretion system"
"K03200","Bacterial secretion system","Bacterial secretion system","Bacterial secretion system"
"K03201","Bacterial secretion system","Bacterial secretion system","Bacterial secretion system"
"K03203","Bacterial secretion system","Bacterial secretion system","Bacterial secretion system"
"K03204","Bacterial secretion system","Bacterial secretion system","Bacterial secretion system"
"K03205","Bacterial secretion system","Bacterial secretion system","Bacterial secretion system"
"K03219","Bacterial secretion system","Bacterial secretion system","Bacterial secretion system"
"K03222","Bacterial secretion system","Bacterial secretion system","Bacterial secretion system"
"K03223","Bacterial secretion system","Bacterial secretion system","Bacterial secretion system"
"K03224","Bacterial secretion system","Bacterial secretion system","Bacterial secretion system"
"K03225","Bacterial secretion system","Bacterial secretion system","Bacterial secretion system"
"K03226","Bacterial secretion system","Bacterial secretion system","Bacterial secretion system"
"K03227","Bacterial secretion system","Bacterial secretion system","Bacterial secretion system"
"K03228","Bacterial secretion system","Bacterial secretion system","Bacterial secretion system"
"K03229","Bacterial secretion system","Bacterial secretion system","Bacterial secretion system"
"K03230","Bacterial secretion system","Bacterial secretion system","Bacterial secretion system"
"K03335","Metabolic pathways","Microbial metabolism in diverse environments","Inositol phosphate metabolism"
"K03336","Metabolic pathways","Microbial metabolism in diverse environments","Inositol phosphate metabolism"
"K03337","Metabolic pathways","Microbial metabolism in diverse environments","Inositol phosphate metabolism"
"K03338","Metabolic pathways","Microbial metabolism in diverse environments","Inositol phosphate metabolism"
"K03340","Metabolic pathways","Biosynthesis of secondary metabolites","Biosynthesis of amino acids"
"K03381","Metabolic pathways","Microbial metabolism in diverse environments","Degradation of aromatic compounds"
"K03404","Metabolic pathways","Biosynthesis of secondary metabolites","Porphyrin metabolism"
"K03405","Metabolic pathways","Biosynthesis of secondary metabolites","Porphyrin metabolism"
"K03409","Bacterial chemotaxis","Bacterial chemotaxis","Bacterial chemotaxis"
"K03410","Bacterial chemotaxis","Bacterial chemotaxis","Bacterial chemotaxis"
"K03414","Bacterial chemotaxis","Bacterial chemotaxis","Bacterial chemotaxis"
"K03415","Two-component system","Bacterial chemotaxis","Bacterial chemotaxis"
"K03425","Protein export","Bacterial secretion system","Bacterial secretion system"
"K03429","Metabolic pathways","Glycerolipid metabolism","Teichoic acid biosynthesis"
"K03464","Metabolic pathways","Microbial metabolism in diverse environments","Degradation of aromatic compounds"
"K03472","Metabolic pathways","Biosynthesis of cofactors","Vitamin B6 metabolism"
"K03473","Metabolic pathways","Biosynthesis of cofactors","Vitamin B6 metabolism"
"K03476","Metabolic pathways","Microbial metabolism in diverse environments","Ascorbate and aldarate metabolism"
"K03516","Flagellar assembly","Flagellar assembly","Flagellar assembly"
"K03532","Metabolic pathways","Microbial metabolism in diverse environments","Methane metabolism"
"K03563","Two-component system","Biofilm formation - Vibrio cholerae","Biofilm formation - Pseudomonas aeruginosa"
"K03566","Biofilm formation - Escherichia coli","Biofilm formation - Escherichia coli","Biofilm formation - Escherichia coli"
"K03567","Biofilm formation - Escherichia coli","Biofilm formation - Escherichia coli","Biofilm formation - Escherichia coli"
"K03573","Mismatch repair","Mismatch repair","Mismatch repair"
"K03606","Exopolysaccharide biosynthesis","Biofilm formation - Vibrio cholerae","Biofilm formation - Vibrio cholerae"
"K03620","Two-component system","Two-component system","Two-component system"
"K03638","Metabolic pathways","Biosynthesis of cofactors","Folate biosynthesis"
"K03649","Base excision repair","Base excision repair","Base excision repair"
"K03651","Metabolic pathways","Purine metabolism","Biofilm formation - Pseudomonas aeruginosa"
"K03732","RNA degradation","RNA degradation","RNA degradation"
"K03735","Metabolic pathways","Glycerophospholipid metabolism","Glycerophospholipid metabolism"
"K03736","Metabolic pathways","Glycerophospholipid metabolism","Glycerophospholipid metabolism"
"K03776","Two-component system","Bacterial chemotaxis","Bacterial chemotaxis"
"K03780","Metabolic pathways","Glyoxylate and dicarboxylate metabolism","Glyoxylate and dicarboxylate metabolism"
"K03782","Metabolic pathways","Biosynthesis of secondary metabolites","Phenylalanine metabolism"
"K03788","Metabolic pathways","Riboflavin metabolism","Riboflavin metabolism"
"K03821","Metabolic pathways","Butanoate metabolism","Butanoate metabolism"
"K03825","Metabolic pathways","Phenylalanine metabolism","Phenylalanine metabolism"
"K03862","Microbial metabolism in diverse environments","Aminobenzoate degradation","Aminobenzoate degradation"
"K03863","Microbial metabolism in diverse environments","Aminobenzoate degradation","Aminobenzoate degradation"
"K03972","Metabolic pathways","Sulfur metabolism","Sulfur metabolism"
"K04058","Bacterial secretion system","Bacterial secretion system","Bacterial secretion system"
"K04067","Homologous recombination","Homologous recombination","Homologous recombination"
"K04093","Metabolic pathways","Biosynthesis of secondary metabolites","Biosynthesis of amino acids"
"K04335","Biofilm formation - Escherichia coli","Biofilm formation - Escherichia coli","Biofilm formation - Escherichia coli"
"K04516","Metabolic pathways","Biosynthesis of secondary metabolites","Biosynthesis of amino acids"
"K04561","Metabolic pathways","Microbial metabolism in diverse environments","Nitrogen cycle"
"K04565","Peroxisome","Longevity regulating pathway - multiple species","Chemical carcinogenesis - reactive oxygen species"
"K04719","Metabolic pathways","Biosynthesis of cofactors","Riboflavin metabolism"
"K04782","Biosynthesis of secondary metabolites","Biosynthesis of siderophore group nonribosomal peptides","Biosynthesis of siderophore group nonribosomal peptides"
"K05297","Fatty acid degradation","Fatty acid degradation","Fatty acid degradation"
"K05306","Metabolic pathways","Microbial metabolism in diverse environments","Phosphonate and phosphinate metabolism"
"K05343","Metabolic pathways","Biosynthesis of secondary metabolites","Starch and sucrose metabolism"
"K05351","Metabolic pathways","Pentose and glucuronate interconversions","Pentose and glucuronate interconversions"
"K05362","Metabolic pathways","Peptidoglycan biosynthesis","Peptidoglycan biosynthesis"
"K05363","Metabolic pathways","Peptidoglycan biosynthesis","Peptidoglycan biosynthesis"
"K05364","Metabolic pathways","Peptidoglycan biosynthesis","Peptidoglycan biosynthesis"
"K05365","Metabolic pathways","Peptidoglycan biosynthesis","Peptidoglycan biosynthesis"
"K05368","Metabolic pathways","Riboflavin metabolism","Riboflavin metabolism"
"K05522","Base excision repair","Base excision repair","Base excision repair"
"K05523","Metabolic pathways","Microbial metabolism in diverse environments","Pyruvate metabolism"
"K05526","Metabolic pathways","Arginine and proline metabolism","Arginine and proline metabolism"
"K05549","Metabolic pathways","Microbial metabolism in diverse environments","Degradation of aromatic compounds"
"K05550","Metabolic pathways","Microbial metabolism in diverse environments","Degradation of aromatic compounds"
"K05601","Metabolic pathways","Nitrogen metabolism","Nitrogen metabolism"
"K05603","Metabolic pathways","Histidine metabolism","Histidine metabolism"
"K05606","Metabolic pathways","Microbial metabolism in diverse environments","Carbon metabolism"
"K05710","Metabolic pathways","Microbial metabolism in diverse environments","Degradation of aromatic compounds"
"K05774","Metabolic pathways","Pentose phosphate pathway","Pentose phosphate pathway"
"K05776","ABC transporters","ABC transporters","ABC transporters"
"K05780","Metabolic pathways","Phosphonate and phosphinate metabolism","Phosphonate and phosphinate metabolism"
"K05783","Metabolic pathways","Microbial metabolism in diverse environments","Degradation of aromatic compounds"
"K05784","Metabolic pathways","Microbial metabolism in diverse environments","Degradation of aromatic compounds"
"K05851","Metabolic pathways","Purine metabolism","Biofilm formation - Vibrio cholerae"
"K05874","Two-component system","Bacterial chemotaxis","Bacterial chemotaxis"
"K05875","Two-component system","Bacterial chemotaxis","Bacterial chemotaxis"
"K05876","Two-component system","Bacterial chemotaxis","Bacterial chemotaxis"
"K05877","Two-component system","Bacterial chemotaxis","Bacterial chemotaxis"
"K05881","Metabolic pathways","Glycerolipid metabolism","Glycerolipid metabolism"
"K05921","Metabolic pathways","Microbial metabolism in diverse environments","Degradation of aromatic compounds"
"K05939","Fatty acid degradation","Glycerophospholipid metabolism","Glycerophospholipid metabolism"
"K05973","Metabolic pathways","Butanoate metabolism","Butanoate metabolism"
"K05992","Metabolic pathways","Biosynthesis of secondary metabolites","Starch and sucrose metabolism"
"K06001","Metabolic pathways","Biosynthesis of secondary metabolites","Biosynthesis of amino acids"
"K06013","Biosynthesis of secondary metabolites","Terpenoid backbone biosynthesis","Terpenoid backbone biosynthesis"
"K06016","Metabolic pathways","Pyrimidine metabolism","beta-Alanine metabolism"
"K06044","Metabolic pathways","Biosynthesis of secondary metabolites","Starch and sucrose metabolism"
"K06048","Metabolic pathways","Glutathione metabolism","Glutathione metabolism"
"K06073","ABC transporters","ABC transporters","ABC transporters"
"K06074","ABC transporters","ABC transporters","ABC transporters"
"K06079","Cationic antimicrobial peptide (CAMP) resistance","Cationic antimicrobial peptide (CAMP) resistance","Cationic antimicrobial peptide (CAMP) resistance"
"K06080","Two-component system","Two-component system","Two-component system"
"K06133","Metabolic pathways","Pantothenate and CoA biosynthesis","Pantothenate and CoA biosynthesis"
"K06134","Metabolic pathways","Biosynthesis of secondary metabolites","Biosynthesis of cofactors"
"K06159","ABC transporters","ABC transporters","ABC transporters"
"K06162","Metabolic pathways","Phosphonate and phosphinate metabolism","Phosphonate and phosphinate metabolism"
"K06163","Metabolic pathways","Phosphonate and phosphinate metabolism","Phosphonate and phosphinate metabolism"
"K06164","Metabolic pathways","Phosphonate and phosphinate metabolism","Phosphonate and phosphinate metabolism"
"K06165","Metabolic pathways","Phosphonate and phosphinate metabolism","Phosphonate and phosphinate metabolism"
"K06166","Metabolic pathways","Phosphonate and phosphinate metabolism","Phosphonate and phosphinate metabolism"
"K06208","Metabolic pathways","Biosynthesis of secondary metabolites","Biosynthesis of amino acids"
"K06209","Metabolic pathways","Biosynthesis of secondary metabolites","Biosynthesis of amino acids"
"K06211","Metabolic pathways","Nicotinate and nicotinamide metabolism","Nicotinate and nicotinamide metabolism"
"K06223","Mismatch repair","Mismatch repair","Mismatch repair"
"K06281","Microbial metabolism in diverse environments","Nitrotoluene degradation","Two-component system"
"K06282","Microbial metabolism in diverse environments","Nitrotoluene degradation","Two-component system"
"K06443","Metabolic pathways","Biosynthesis of secondary metabolites","Carotenoid biosynthesis"
"K06445","Metabolic pathways","Fatty acid metabolism","Fatty acid degradation"
"K06447","Metabolic pathways","Arginine and proline metabolism","Arginine and proline metabolism"
"K06596","Two-component system","Biofilm formation - Pseudomonas aeruginosa","Biofilm formation - Pseudomonas aeruginosa"
"K06597","Two-component system","Two-component system","Two-component system"
"K06598","Two-component system","Biofilm formation - Pseudomonas aeruginosa","Biofilm formation - Pseudomonas aeruginosa"
"K06606","Metabolic pathways","Microbial metabolism in diverse environments","Inositol phosphate metabolism"
"K06718","Metabolic pathways","Microbial metabolism in diverse environments","Glycine, serine and threonine metabolism"
"K06720","Metabolic pathways","Microbial metabolism in diverse environments","Glycine, serine and threonine metabolism"
"K06858","ABC transporters","ABC transporters","ABC transporters"
"K06879","Metabolic pathways","Folate biosynthesis","Folate biosynthesis"
"K06897","Biosynthesis of cofactors","Folate biosynthesis","Folate biosynthesis"
"K06985","Cell cycle - Caulobacter","Cell cycle - Caulobacter","Cell cycle - Caulobacter"
"K06989","Metabolic pathways","Biosynthesis of cofactors","Nicotinate and nicotinamide metabolism"
"K06998","Metabolic pathways","Biosynthesis of secondary metabolites","Phenazine biosynthesis"
"K07026","Metabolic pathways","Fructose and mannose metabolism","Fructose and mannose metabolism"
"K07046","Metabolic pathways","Microbial metabolism in diverse environments","Fructose and mannose metabolism"
"K07119","Arachidonic acid metabolism","Arachidonic acid metabolism","Arachidonic acid metabolism"
"K07141","Metabolic pathways","Folate biosynthesis","Folate biosynthesis"
"K07165","Two-component system","Two-component system","Two-component system"
"K07178","Ribosome biogenesis in eukaryotes","Ribosome biogenesis in eukaryotes","Ribosome biogenesis in eukaryotes"
"K07215","Biosynthesis of secondary metabolites","Porphyrin metabolism","Porphyrin metabolism"
"K07226","Biosynthesis of secondary metabolites","Porphyrin metabolism","Porphyrin metabolism"
"K07232","Metabolic pathways","Glutathione metabolism","Glutathione metabolism"
"K07235","Sulfur relay system","Sulfur relay system","Sulfur relay system"
"K07236","Sulfur relay system","Sulfur relay system","Sulfur relay system"
"K07237","Sulfur relay system","Sulfur relay system","Sulfur relay system"
"K07246","Metabolic pathways","Glyoxylate and dicarboxylate metabolism","Butanoate metabolism"
"K07248","Metabolic pathways","Microbial metabolism in diverse environments","Pyruvate metabolism"
"K07250","Metabolic pathways","Microbial metabolism in diverse environments","Propanoate metabolism"
"K07251","Metabolic pathways","Thiamine metabolism","Thiamine metabolism"
"K07260","Metabolic pathways","Peptidoglycan biosynthesis","Two-component system"
"K07264","Lipopolysaccharide biosynthesis","Cationic antimicrobial peptide (CAMP) resistance","Cationic antimicrobial peptide (CAMP) resistance"
"K07271","Teichoic acid biosynthesis","Teichoic acid biosynthesis","Teichoic acid biosynthesis"
"K07306","Metabolic pathways","Microbial metabolism in diverse environments","Sulfur metabolism"
"K07307","Metabolic pathways","Microbial metabolism in diverse environments","Sulfur metabolism"
"K07308","Metabolic pathways","Microbial metabolism in diverse environments","Sulfur metabolism"
"K07344","Quorum sensing","Quorum sensing","Quorum sensing"
"K07345","Shigellosis","Pertussis","Pertussis"
"K07346","Two-component system","Two-component system","Two-component system"
"K07347","Two-component system","Pertussis","Pertussis"
"K07516","Metabolic pathways","Microbial metabolism in diverse environments","Carbon metabolism"
"K07588","Cobalamin transport and metabolism","Cobalamin transport and metabolism","Cobalamin transport and metabolism"
"K07589","Folate biosynthesis","Folate biosynthesis","Folate biosynthesis"
"K07590","Ribosome","Ribosome","Ribosome"
"K07637","Two-component system","Cationic antimicrobial peptide (CAMP) resistance","Cationic antimicrobial peptide (CAMP) resistance"
"K07639","Two-component system","Two-component system","Two-component system"
"K07640","Two-component system","Cationic antimicrobial peptide (CAMP) resistance","Cationic antimicrobial peptide (CAMP) resistance"
"K07641","Two-component system","Two-component system","Two-component system"
"K07642","Two-component system","Two-component system","Two-component system"
"K07643","Two-component system","Cationic antimicrobial peptide (CAMP) resistance","Cationic antimicrobial peptide (CAMP) resistance"
"K07644","Two-component system","Two-component system","Two-component system"
"K07646","Two-component system","Two-component system","Two-component system"
"K07648","Two-component system","Biofilm formation - Escherichia coli","Biofilm formation - Escherichia coli"
"K07649","Two-component system","Two-component system","Two-component system"
"K07660","Two-component system","Cationic antimicrobial peptide (CAMP) resistance","Cationic antimicrobial peptide (CAMP) resistance"
"K07661","Two-component system","Two-component system","Two-component system"
"K07663","Two-component system","Two-component system","Two-component system"
"K07664","Two-component system","Two-component system","Two-component system"
"K07665","Two-component system","Two-component system","Two-component system"
"K07667","Two-component system","Quorum sensing","Quorum sensing"
"K07674","Two-component system","Two-component system","Two-component system"
"K07675","Two-component system","Two-component system","Two-component system"
"K07676","Two-component system","Biofilm formation - Escherichia coli","Biofilm formation - Escherichia coli"
"K07677","Two-component system","Biofilm formation - Escherichia coli","Biofilm formation - Escherichia coli"
"K07678","Two-component system","Biofilm formation - Vibrio cholerae","Biofilm formation - Pseudomonas aeruginosa"
"K07679","Two-component system","Pertussis","Pertussis"
"K07683","Two-component system","Two-component system","Two-component system"
"K07684","Two-component system","Two-component system","Two-component system"
"K07685","Two-component system","Two-component system","Two-component system"
"K07686","Two-component system","Two-component system","Two-component system"
"K07687","Two-component system","Biofilm formation - Escherichia coli","Biofilm formation - Escherichia coli"
"K07688","Two-component system","Two-component system","Two-component system"
"K07689","Two-component system","Biofilm formation - Vibrio cholerae","Biofilm formation - Pseudomonas aeruginosa"
"K07690","Two-component system","Pertussis","Pertussis"
"K07693","Two-component system","Two-component system","Two-component system"
"K07700","Two-component system","Two-component system","Two-component system"
"K07701","Two-component system","Two-component system","Two-component system"
"K07702","Two-component system","Two-component system","Two-component system"
"K07703","Two-component system","Two-component system","Two-component system"
"K07704","Two-component system","Two-component system","Two-component system"
"K07705","Two-component system","Two-component system","Two-component system"
"K07708","Two-component system","Two-component system","Two-component system"
"K07710","Two-component system","Two-component system","Two-component system"
"K07711","Two-component system","Quorum sensing","Quorum sensing"
"K07714","Two-component system","Two-component system","Two-component system"
"K07715","Two-component system","Quorum sensing","Quorum sensing"
"K07717","Two-component system","Two-component system","Two-component system"
"K07719","Two-component system","Two-component system","Two-component system"
"K07720","Two-component system","Two-component system","Two-component system"
"K07749","Metabolic pathways","Glyoxylate and dicarboxylate metabolism","Glyoxylate and dicarboxylate metabolism"
"K07751","Metabolic pathways","Glutathione metabolism","Glutathione metabolism"
"K07771","Two-component system","Cationic antimicrobial peptide (CAMP) resistance","Cationic antimicrobial peptide (CAMP) resistance"
"K07773","Two-component system","Biofilm formation - Escherichia coli","Biofilm formation - Escherichia coli"
"K07774","Two-component system","Two-component system","Two-component system"
"K07778","Two-component system","Two-component system","Two-component system"
"K07781","Two-component system","Quorum sensing","Biofilm formation - Escherichia coli"
"K07782","Two-component system","Quorum sensing","Biofilm formation - Escherichia coli"
"K07783","Two-component system","Two-component system","Two-component system"
"K07784","Two-component system","Two-component system","Two-component system"
"K07787","Two-component system","Two-component system","Two-component system"
"K07792","Two-component system","Two-component system","Two-component system"
"K07793","Two-component system","Two-component system","Two-component system"
"K07794","Two-component system","Two-component system","Two-component system"
"K07795","Two-component system","Two-component system","Two-component system"
"K07798","Two-component system","Two-component system","Two-component system"
"K07806","Metabolic pathways","Biosynthesis of nucleotide sugars","Biosynthesis of various nucleotide sugars"
"K07810","Two-component system","Two-component system","Two-component system"
"K07812","Metabolic pathways","Microbial metabolism in diverse environments","Methane metabolism"
"K07823","Microbial metabolism in diverse environments","Benzoate degradation","Benzoate degradation"
"K08082","Two-component system","Two-component system","Two-component system"
"K08083","Two-component system","Two-component system","Two-component system"
"K08092","Metabolic pathways","Pentose and glucuronate interconversions","Ascorbate and aldarate metabolism"
"K08177","Two-component system","Two-component system","Two-component system"
"K08261","Metabolic pathways","Biosynthesis of secondary metabolites","Fructose and mannose metabolism"
"K08302","Metabolic pathways","Galactose metabolism","Galactose metabolism"
"K08312","Metabolic pathways","Purine metabolism","Purine metabolism"
"K08320","Metabolic pathways","Nucleotide metabolism","Pyrimidine metabolism"
"K08321","Quorum sensing","Quorum sensing","Quorum sensing"
"K08322","Metabolic pathways","Pentose and glucuronate interconversions","Pentose and glucuronate interconversions"
"K08323","Metabolic pathways","Microbial metabolism in diverse environments","Pentose and glucuronate interconversions"
"K08324","Metabolic pathways","Microbial metabolism in diverse environments","Butanoate metabolism"
"K08325","Metabolic pathways","Propanoate metabolism","Propanoate metabolism"
"K08348","Two-component system","Two-component system","Two-component system"
"K08349","Two-component system","Two-component system","Two-component system"
"K08350","Two-component system","Two-component system","Two-component system"
"K08351","Metabolic pathways","Biotin metabolism","Biotin metabolism"
"K08384","Metabolic pathways","Peptidoglycan biosynthesis","Peptidoglycan biosynthesis"
"K08484","Phosphotransferase system (PTS)","Phosphotransferase system (PTS)","Phosphotransferase system (PTS)"
"K08485","Phosphotransferase system (PTS)","Phosphotransferase system (PTS)","Phosphotransferase system (PTS)"
"K08680","Metabolic pathways","Biosynthesis of secondary metabolites","Biosynthesis of cofactors"
"K08682","Metabolic pathways","Pantothenate and CoA biosynthesis","Pantothenate and CoA biosynthesis"
"K08722","Metabolic pathways","Nucleotide metabolism","Purine metabolism"
"K08723","Metabolic pathways","Nucleotide metabolism","Pyrimidine metabolism"
"K08738","Metabolic pathways","Oxidative phosphorylation","Two-component system"
"K08964","Metabolic pathways","Cysteine and methionine metabolism","Cysteine and methionine metabolism"
"K08967","Metabolic pathways","Cysteine and methionine metabolism","Cysteine and methionine metabolism"
"K09007","Metabolic pathways","Biosynthesis of cofactors","Folate biosynthesis"
"K09018","Metabolic pathways","Pyrimidine metabolism","Pyrimidine metabolism"
"K09020","Metabolic pathways","Pyrimidine metabolism","Pyrimidine metabolism"
"K09021","Metabolic pathways","Pyrimidine metabolism","Pyrimidine metabolism"
"K09023","Metabolic pathways","Pyrimidine metabolism","Pyrimidine metabolism"
"K09251","Metabolic pathways","Microbial metabolism in diverse environments","Lysine degradation"
"K09470","Metabolic pathways","Arginine and proline metabolism","Arginine and proline metabolism"
"K09471","Metabolic pathways","Arginine and proline metabolism","Arginine and proline metabolism"
"K09472","Metabolic pathways","Arginine and proline metabolism","Arginine and proline metabolism"
"K09473","Metabolic pathways","Arginine and proline metabolism","Arginine and proline metabolism"
"K09474","Metabolic pathways","Riboflavin metabolism","Two-component system"
"K09475","Two-component system","beta-Lactam resistance","beta-Lactam resistance"
"K09476","Two-component system","beta-Lactam resistance","beta-Lactam resistance"
"K09688","ABC transporters","ABC transporters","ABC transporters"
"K09689","ABC transporters","ABC transporters","ABC transporters"
"K09690","ABC transporters","ABC transporters","ABC transporters"
"K09691","ABC transporters","ABC transporters","ABC transporters"
"K09692","ABC transporters","ABC transporters","ABC transporters"
"K09699","Metabolic pathways","Biosynthesis of secondary metabolites","2-Oxocarboxylic acid metabolism"
"K09758","Metabolic pathways","Biosynthesis of amino acids","Alanine, aspartate and glutamate metabolism"
"K09788","Metabolic pathways","Microbial metabolism in diverse environments","Carbon metabolism"
"K09809","Teichoic acid biosynthesis","Teichoic acid biosynthesis","Teichoic acid biosynthesis"
"K09880","Metabolic pathways","Cysteine and methionine metabolism","Cysteine and methionine metabolism"
"K09913","Metabolic pathways","Biosynthesis of secondary metabolites","Nucleotide metabolism"
"K09969","ABC transporters","ABC transporters","ABC transporters"
"K09970","ABC transporters","ABC transporters","ABC transporters"
"K09971","ABC transporters","ABC transporters","ABC transporters"
"K09972","ABC transporters","ABC transporters","ABC transporters"
"K09988","Pentose and glucuronate interconversions","Pentose and glucuronate interconversions","Pentose and glucuronate interconversions"
"K09996","ABC transporters","ABC transporters","ABC transporters"
"K09997","ABC transporters","ABC transporters","ABC transporters"
"K09998","ABC transporters","ABC transporters","ABC transporters"
"K09999","ABC transporters","ABC transporters","ABC transporters"
"K10000","ABC transporters","ABC transporters","ABC transporters"
"K10001","ABC transporters","Two-component system","Two-component system"
"K10002","ABC transporters","Two-component system","Two-component system"
"K10003","ABC transporters","Two-component system","Two-component system"
"K10004","ABC transporters","Two-component system","Two-component system"
"K10011","Metabolic pathways","Biosynthesis of nucleotide sugars","Biosynthesis of various nucleotide sugars"
"K10012","Metabolic pathways","Biosynthesis of various nucleotide sugars","Cationic antimicrobial peptide (CAMP) resistance"
"K10013","ABC transporters","ABC transporters","ABC transporters"
"K10014","ABC transporters","ABC transporters","ABC transporters"
"K10015","ABC transporters","ABC transporters","ABC transporters"
"K10016","ABC transporters","ABC transporters","ABC transporters"
"K10017","ABC transporters","ABC transporters","ABC transporters"
"K10026","Metabolic pathways","Folate biosynthesis","Folate biosynthesis"
"K10027","Metabolic pathways","Biosynthesis of secondary metabolites","Carotenoid biosynthesis"
"K10036","ABC transporters","ABC transporters","ABC transporters"
"K10037","ABC transporters","ABC transporters","ABC transporters"
"K10038","ABC transporters","ABC transporters","ABC transporters"
"K10107","ABC transporters","ABC transporters","ABC transporters"
"K10108","ABC transporters","Bacterial chemotaxis","Bacterial chemotaxis"
"K10109","ABC transporters","ABC transporters","ABC transporters"
"K10110","ABC transporters","ABC transporters","ABC transporters"
"K10111","ABC transporters","ABC transporters","ABC transporters"
"K10125","Two-component system","Two-component system","Two-component system"
"K10126","Two-component system","Two-component system","Two-component system"
"K10206","Metabolic pathways","Biosynthesis of secondary metabolites","Biosynthesis of amino acids"
"K10218","Metabolic pathways","Microbial metabolism in diverse environments","C5-Branched dibasic acid metabolism"
"K10227","ABC transporters","ABC transporters","ABC transporters"
"K10228","ABC transporters","ABC transporters","ABC transporters"
"K10229","ABC transporters","ABC transporters","ABC transporters"
"K10537","ABC transporters","ABC transporters","ABC transporters"
"K10538","ABC transporters","ABC transporters","ABC transporters"
"K10539","ABC transporters","ABC transporters","ABC transporters"
"K10540","ABC transporters","Bacterial chemotaxis","Bacterial chemotaxis"
"K10541","ABC transporters","ABC transporters","ABC transporters"
"K10542","ABC transporters","ABC transporters","ABC transporters"
"K10543","ABC transporters","ABC transporters","ABC transporters"
"K10544","ABC transporters","ABC transporters","ABC transporters"
"K10545","ABC transporters","ABC transporters","ABC transporters"
"K10555","ABC transporters","Quorum sensing","Quorum sensing"
"K10556","ABC transporters","Quorum sensing","Quorum sensing"
"K10557","ABC transporters","Quorum sensing","Quorum sensing"
"K10558","ABC transporters","Quorum sensing","Quorum sensing"
"K10680","Microbial metabolism in diverse environments","Nitrotoluene degradation","Nitrotoluene degradation"
"K10747","DNA replication","Base excision repair","Nucleotide excision repair"
"K10804","Biosynthesis of unsaturated fatty acids","Biosynthesis of unsaturated fatty acids","Biosynthesis of unsaturated fatty acids"
"K10806","Biosynthesis of unsaturated fatty acids","Biosynthesis of unsaturated fatty acids","Biosynthesis of unsaturated fatty acids"
"K10824","ABC transporters","ABC transporters","ABC transporters"
"K10857","Mismatch repair","Mismatch repair","Mismatch repair"
"K10914","Two-component system","Quorum sensing","Biofilm formation - Vibrio cholerae"
"K10918","Biofilm formation - Vibrio cholerae","Biofilm formation - Vibrio cholerae","Biofilm formation - Vibrio cholerae"
"K10941","Two-component system","Biofilm formation - Vibrio cholerae","Biofilm formation - Pseudomonas aeruginosa"
"K10942","Two-component system","Biofilm formation - Vibrio cholerae","Biofilm formation - Vibrio cholerae"
"K10943","Two-component system","Biofilm formation - Vibrio cholerae","Flagellar assembly"
"K10979","Non-homologous end-joining","Non-homologous end-joining","Non-homologous end-joining"
"K11003","Bacterial secretion system","Pertussis","Pertussis"
"K11004","ABC transporters","Bacterial secretion system","Pertussis"
"K11041","Staphylococcus aureus infection","Staphylococcus aureus infection","Staphylococcus aureus infection"
"K11081","ABC transporters","ABC transporters","ABC transporters"
"K11082","ABC transporters","ABC transporters","ABC transporters"
"K11083","ABC transporters","ABC transporters","ABC transporters"
"K11084","ABC transporters","ABC transporters","ABC transporters"
"K11179","Sulfur relay system","Sulfur relay system","Sulfur relay system"
"K11183","Phosphotransferase system (PTS)","Phosphotransferase system (PTS)","Phosphotransferase system (PTS)"
"K11192","Amino sugar and nucleotide sugar metabolism","Phosphotransferase system (PTS)","Phosphotransferase system (PTS)"
"K11216","Quorum sensing","Quorum sensing","Quorum sensing"
"K11258","Metabolic pathways","Biosynthesis of secondary metabolites","2-Oxocarboxylic acid metabolism"
"K11358","Metabolic pathways","Biosynthesis of secondary metabolites","2-Oxocarboxylic acid metabolism"
"K11384","Two-component system","Two-component system","Two-component system"
"K11472","Metabolic pathways","Biosynthesis of secondary metabolites","Microbial metabolism in diverse environments"
"K11473","Metabolic pathways","Biosynthesis of secondary metabolites","Microbial metabolism in diverse environments"
"K11530","Quorum sensing","Quorum sensing","Quorum sensing"
"K11531","Quorum sensing","Biofilm formation - Escherichia coli","Biofilm formation - Escherichia coli"
"K11604","ABC transporters","ABC transporters","ABC transporters"
"K11605","ABC transporters","ABC transporters","ABC transporters"
"K11606","ABC transporters","ABC transporters","ABC transporters"
"K11607","ABC transporters","ABC transporters","ABC transporters"
"K11614","Two-component system","Two-component system","Two-component system"
"K11615","Two-component system","Two-component system","Two-component system"
"K11617","Two-component system","Two-component system","Two-component system"
"K11618","Two-component system","Two-component system","Two-component system"
"K11623","Two-component system","Two-component system","Two-component system"
"K11624","Two-component system","Two-component system","Two-component system"
"K11625","Two-component system","Two-component system","Two-component system"
"K11645","Metabolic pathways","Biosynthesis of secondary metabolites","Microbial metabolism in diverse environments"
"K11688","Two-component system","Two-component system","Two-component system"
"K11689","Two-component system","Two-component system","Two-component system"
"K11690","Two-component system","Two-component system","Two-component system"
"K11710","ABC transporters","ABC transporters","ABC transporters"
"K11751","Metabolic pathways","Biosynthesis of secondary metabolites","Nucleotide metabolism"
"K11755","Metabolic pathways","Biosynthesis of secondary metabolites","Biosynthesis of amino acids"
"K11782","Metabolic pathways","Biosynthesis of secondary metabolites","Biosynthesis of cofactors"
"K11784","Metabolic pathways","Biosynthesis of secondary metabolites","Biosynthesis of cofactors"
"K11890","Biofilm formation - Pseudomonas aeruginosa","Biofilm formation - Pseudomonas aeruginosa","Biofilm formation - Pseudomonas aeruginosa"
"K11891","Bacterial secretion system","Biofilm formation - Pseudomonas aeruginosa","Biofilm formation - Pseudomonas aeruginosa"
"K11892","Bacterial secretion system","Bacterial secretion system","Bacterial secretion system"
"K11893","Biofilm formation - Pseudomonas aeruginosa","Biofilm formation - Pseudomonas aeruginosa","Biofilm formation - Pseudomonas aeruginosa"
"K11895","Biofilm formation - Pseudomonas aeruginosa","Biofilm formation - Pseudomonas aeruginosa","Biofilm formation - Pseudomonas aeruginosa"
"K11900","Biofilm formation - Pseudomonas aeruginosa","Biofilm formation - Pseudomonas aeruginosa","Biofilm formation - Pseudomonas aeruginosa"
"K11901","Biofilm formation - Pseudomonas aeruginosa","Biofilm formation - Pseudomonas aeruginosa","Biofilm formation - Pseudomonas aeruginosa"
"K11902","Biofilm formation - Pseudomonas aeruginosa","Biofilm formation - Pseudomonas aeruginosa","Biofilm formation - Pseudomonas aeruginosa"
"K11903","Bacterial secretion system","Biofilm formation - Pseudomonas aeruginosa","Biofilm formation - Pseudomonas aeruginosa"
"K11907","Bacterial secretion system","Biofilm formation - Pseudomonas aeruginosa","Biofilm formation - Pseudomonas aeruginosa"
"K11931","Biofilm formation - Escherichia coli","Biofilm formation - Escherichia coli","Biofilm formation - Escherichia coli"
"K11935","Biofilm formation - Escherichia coli","Biofilm formation - Escherichia coli","Biofilm formation - Escherichia coli"
"K11937","Exopolysaccharide biosynthesis","Biofilm formation - Escherichia coli","Biofilm formation - Escherichia coli"
"K11959","ABC transporters","ABC transporters","ABC transporters"
"K11960","ABC transporters","ABC transporters","ABC transporters"
"K11961","ABC transporters","ABC transporters","ABC transporters"
"K11962","ABC transporters","ABC transporters","ABC transporters"
"K11963","ABC transporters","ABC transporters","ABC transporters"
"K12111","Metabolic pathways","Galactose metabolism","Other glycan degradation"
"K12112","Metabolic pathways","Galactose metabolism","Other glycan degradation"
"K12152","Riboflavin metabolism","Riboflavin metabolism","Riboflavin metabolism"
"K12251","Metabolic pathways","Biosynthesis of secondary metabolites","Arginine and proline metabolism"
"K12254","Metabolic pathways","Arginine and proline metabolism","Arginine and proline metabolism"
"K12255","Metabolic pathways","Arginine and proline metabolism","Arginine and proline metabolism"
"K12256","Metabolic pathways","Arginine and proline metabolism","Arginine and proline metabolism"
"K12257","Protein export","Bacterial secretion system","Quorum sensing"
"K12296","Two-component system","Quorum sensing","Quorum sensing"
"K12339","Metabolic pathways","Biosynthesis of amino acids","Cysteine and methionine metabolism"
"K12368","ABC transporters","Bacterial chemotaxis","Bacterial chemotaxis"
"K12369","ABC transporters","ABC transporters","ABC transporters"
"K12370","ABC transporters","ABC transporters","ABC transporters"
"K12371","ABC transporters","ABC transporters","ABC transporters"
"K12372","ABC transporters","ABC transporters","ABC transporters"
"K12511","Two-component system","Two-component system","Two-component system"
"K12524","Metabolic pathways","Biosynthesis of secondary metabolites","Microbial metabolism in diverse environments"
"K12525","Metabolic pathways","Biosynthesis of secondary metabolites","Microbial metabolism in diverse environments"
"K12527","Selenocompound metabolism","Selenocompound metabolism","Selenocompound metabolism"
"K12536","ABC transporters","ABC transporters","ABC transporters"
"K12541","ABC transporters","ABC transporters","ABC transporters"
"K12554","Metabolic pathways","Peptidoglycan biosynthesis","Peptidoglycan biosynthesis"
"K12556","Metabolic pathways","Peptidoglycan biosynthesis","beta-Lactam resistance"
"K12582","Exopolysaccharide biosynthesis","Exopolysaccharide biosynthesis","Exopolysaccharide biosynthesis"
"K12658","Metabolic pathways","D-Amino acid metabolism","D-Amino acid metabolism"
"K12688","Pertussis","Pertussis","Pertussis"
"K12957","Metabolic pathways","Biosynthesis of secondary metabolites","Microbial metabolism in diverse environments"
"K12960","Metabolic pathways","Cysteine and methionine metabolism","Cysteine and methionine metabolism"
"K12962","Cationic antimicrobial peptide (CAMP) resistance","Cationic antimicrobial peptide (CAMP) resistance","Cationic antimicrobial peptide (CAMP) resistance"
"K12963","Cationic antimicrobial peptide (CAMP) resistance","Cationic antimicrobial peptide (CAMP) resistance","Cationic antimicrobial peptide (CAMP) resistance"
"K12972","Metabolic pathways","Biosynthesis of secondary metabolites","Microbial metabolism in diverse environments"
"K12973","Lipopolysaccharide biosynthesis","Pertussis","Cationic antimicrobial peptide (CAMP) resistance"
"K12974","Lipopolysaccharide biosynthesis","Lipopolysaccharide biosynthesis","Lipopolysaccharide biosynthesis"
"K12975","Lipopolysaccharide biosynthesis","Cationic antimicrobial peptide (CAMP) resistance","Cationic antimicrobial peptide (CAMP) resistance"
"K12976","Lipopolysaccharide biosynthesis","Lipopolysaccharide biosynthesis","Lipopolysaccharide biosynthesis"
"K12979","Lipopolysaccharide biosynthesis","Lipopolysaccharide biosynthesis","Lipopolysaccharide biosynthesis"
"K13014","Metabolic pathways","Biosynthesis of various nucleotide sugars","Cationic antimicrobial peptide (CAMP) resistance"
"K13051","Metabolic pathways","Biosynthesis of secondary metabolites","Alanine, aspartate and glutamate metabolism"
"K13060","Metabolic pathways","Cysteine and methionine metabolism","Quorum sensing"
"K13301","Protein export","Bacterial secretion system","Bacterial secretion system"
"K13378","Metabolic pathways","Oxidative phosphorylation","Oxidative phosphorylation"
"K13408","Plant-pathogen interaction","Plant-pathogen interaction","Plant-pathogen interaction"
"K13409","ABC transporters","Plant-pathogen interaction","Plant-pathogen interaction"
"K13472","Plant-pathogen interaction","Plant-pathogen interaction","Plant-pathogen interaction"
"K13481","Metabolic pathways","Microbial metabolism in diverse environments","Nucleotide metabolism"
"K13482","Metabolic pathways","Microbial metabolism in diverse environments","Nucleotide metabolism"
"K13485","Metabolic pathways","Purine metabolism","Purine metabolism"
"K13497","Metabolic pathways","Biosynthesis of secondary metabolites","Biosynthesis of amino acids"
"K13498","Metabolic pathways","Biosynthesis of secondary metabolites","Biosynthesis of amino acids"
"K13522","Metabolic pathways","Nicotinate and nicotinamide metabolism","Nicotinate and nicotinamide metabolism"
"K13529","Base excision repair","Base excision repair","Base excision repair"
"K13541","Metabolic pathways","Biosynthesis of cofactors","Porphyrin metabolism"
"K13574","Metabolic pathways","Biosynthesis of secondary metabolites","Tyrosine metabolism"
"K13590","Cell cycle - Caulobacter","Cell cycle - Caulobacter","Cell cycle - Caulobacter"
"K13632","Cationic antimicrobial peptide (CAMP) resistance","Cationic antimicrobial peptide (CAMP) resistance","Cationic antimicrobial peptide (CAMP) resistance"
"K13677","Metabolic pathways","Glycerolipid metabolism","Glycerolipid metabolism"
"K13735","Yersinia infection","Bacterial invasion of epithelial cells","Bacterial invasion of epithelial cells"
"K13745","Metabolic pathways","Biosynthesis of secondary metabolites","Microbial metabolism in diverse environments"
"K13747","Metabolic pathways","Arginine and proline metabolism","Arginine and proline metabolism"
"K13766","Metabolic pathways","Valine, leucine and isoleucine degradation","Valine, leucine and isoleucine degradation"
"K13816","Two-component system","Quorum sensing","Quorum sensing"
"K13818","Metabolic pathways","Folate biosynthesis","Folate biosynthesis"
"K13889","ABC transporters","ABC transporters","ABC transporters"
"K13890","ABC transporters","ABC transporters","ABC transporters"
"K13891","ABC transporters","ABC transporters","ABC transporters"
"K13892","ABC transporters","ABC transporters","ABC transporters"
"K13893","ABC transporters","ABC transporters","ABC transporters"
"K13894","ABC transporters","ABC transporters","ABC transporters"
"K13895","ABC transporters","ABC transporters","ABC transporters"
"K13896","ABC transporters","ABC transporters","ABC transporters"
"K13919","Metabolic pathways","Propanoate metabolism","Propanoate metabolism"
"K13920","Metabolic pathways","Propanoate metabolism","Propanoate metabolism"
"K13938","Metabolic pathways","Folate biosynthesis","One carbon pool by folate"
"K13940","Metabolic pathways","Biosynthesis of cofactors","Folate biosynthesis"
"K13954","Metabolic pathways","Biosynthesis of secondary metabolites","Microbial metabolism in diverse environments"
"K14026","Protein processing in endoplasmic reticulum","Protein processing in endoplasmic reticulum","Protein processing in endoplasmic reticulum"
"K14051","Quorum sensing","Biofilm formation - Escherichia coli","Biofilm formation - Escherichia coli"
"K14159","DNA replication","Mismatch repair","Homologous recombination"
"K14187","Metabolic pathways","Biosynthesis of secondary metabolites","Biosynthesis of amino acids"
"K14268","Metabolic pathways","Microbial metabolism in diverse environments","Butanoate metabolism"
"K14335","Metabolic pathways","Lipoarabinomannan (LAM) biosynthesis","Lipoarabinomannan (LAM) biosynthesis"
"K14422","Microbial metabolism in diverse environments","Chloroalkane and chloroalkene degradation","Chloroalkane and chloroalkene degradation"
"K14475","African trypanosomiasis","African trypanosomiasis","African trypanosomiasis"
"K14519","Metabolic pathways","Microbial metabolism in diverse environments","Degradation of aromatic compounds"
"K14596","Biosynthesis of secondary metabolites","Carotenoid biosynthesis","Carotenoid biosynthesis"
"K14977","Metabolic pathways","Microbial metabolism in diverse environments","Purine metabolism"
"K15011","Two-component system","Two-component system","Two-component system"
"K15012","Two-component system","Two-component system","Two-component system"
"K15125","Pertussis","Pertussis","Pertussis"
"K15371","Metabolic pathways","Microbial metabolism in diverse environments","Nitrogen metabolism"
"K15373","Metabolic pathways","Taurine and hypotaurine metabolism","Taurine and hypotaurine metabolism"
"K15408","Metabolic pathways","Oxidative phosphorylation","Oxidative phosphorylation"
"K15553","Sulfur metabolism","ABC transporters","ABC transporters"
"K15554","Sulfur metabolism","ABC transporters","ABC transporters"
"K15576","Nitrogen metabolism","ABC transporters","ABC transporters"
"K15577","Nitrogen metabolism","ABC transporters","ABC transporters"
"K15578","Nitrogen metabolism","ABC transporters","ABC transporters"
"K15584","ABC transporters","ABC transporters","ABC transporters"
"K15585","ABC transporters","ABC transporters","ABC transporters"
"K15586","ABC transporters","ABC transporters","ABC transporters"
"K15587","ABC transporters","ABC transporters","ABC transporters"
"K15598","ABC transporters","ABC transporters","ABC transporters"
"K15599","ABC transporters","ABC transporters","ABC transporters"
"K15600","ABC transporters","ABC transporters","ABC transporters"
"K15746","Metabolic pathways","Biosynthesis of secondary metabolites","Carotenoid biosynthesis"
"K15777","Metabolic pathways","Biosynthesis of secondary metabolites","Betalain biosynthesis"
"K15792","Metabolic pathways","Lysine biosynthesis","Peptidoglycan biosynthesis"
"K15864","Metabolic pathways","Microbial metabolism in diverse environments","Nitrogen cycle"
"K15866","Metabolic pathways","Microbial metabolism in diverse environments","Phenylalanine metabolism"
"K16165","Metabolic pathways","Microbial metabolism in diverse environments","Tyrosine metabolism"
"K16171","Metabolic pathways","Microbial metabolism in diverse environments","Tyrosine metabolism"
"K16370","Metabolic pathways","Biosynthesis of secondary metabolites","Microbial metabolism in diverse environments"
"K16371","Metabolic pathways","Galactose metabolism","Galactose metabolism"
"K16651","Metabolic pathways","Porphyrin metabolism","Porphyrin metabolism"
"K16692","Two-component system","Two-component system","Two-component system"
"K16703","Exopolysaccharide biosynthesis","Exopolysaccharide biosynthesis","Exopolysaccharide biosynthesis"
"K16704","Metabolic pathways","Biosynthesis of nucleotide sugars","Biosynthesis of various nucleotide sugars"
"K16710","Exopolysaccharide biosynthesis","Exopolysaccharide biosynthesis","Exopolysaccharide biosynthesis"
"K16839","Metabolic pathways","Microbial metabolism in diverse environments","Purine metabolism"
"K16840","Metabolic pathways","Microbial metabolism in diverse environments","Purine metabolism"
"K16841","Metabolic pathways","Microbial metabolism in diverse environments","Purine metabolism"
"K16842","Metabolic pathways","Microbial metabolism in diverse environments","Purine metabolism"
"K16937","Metabolic pathways","Microbial metabolism in diverse environments","Sulfur cycle"
"K16957","ABC transporters","ABC transporters","ABC transporters"
"K16958","ABC transporters","ABC transporters","ABC transporters"
"K16959","ABC transporters","ABC transporters","ABC transporters"
"K16960","ABC transporters","ABC transporters","ABC transporters"
"K16961","ABC transporters","ABC transporters","ABC transporters"
"K17195","Metabolic pathways","Microbial metabolism in diverse environments","Fructose and mannose metabolism"
"K17202","ABC transporters","ABC transporters","ABC transporters"
"K17203","ABC transporters","ABC transporters","ABC transporters"
"K17204","ABC transporters","ABC transporters","ABC transporters"
"K17213","ABC transporters","ABC transporters","ABC transporters"
"K17214","ABC transporters","ABC transporters","ABC transporters"
"K17215","ABC transporters","ABC transporters","ABC transporters"
"K17226","Metabolic pathways","Microbial metabolism in diverse environments","Sulfur cycle"
"K17228","Metabolic pathways","Microbial metabolism in diverse environments","Sulfur metabolism"
"K17315","ABC transporters","ABC transporters","ABC transporters"
"K17316","ABC transporters","ABC transporters","ABC transporters"
"K17317","ABC transporters","ABC transporters","ABC transporters"
"K17722","Metabolic pathways","Pyrimidine metabolism","beta-Alanine metabolism"
"K17838","beta-Lactam resistance","beta-Lactam resistance","beta-Lactam resistance"
"K17850","beta-Lactam resistance","beta-Lactam resistance","beta-Lactam resistance"
"K17950","Metabolic pathways","Cysteine and methionine metabolism","Cysteine and methionine metabolism"
"K18009","Biosynthesis of secondary metabolites","Butanoate metabolism","Butanoate metabolism"
"K18133","beta-Lactam resistance","beta-Lactam resistance","beta-Lactam resistance"
"K18135","beta-Lactam resistance","beta-Lactam resistance","beta-Lactam resistance"
"K18137","beta-Lactam resistance","beta-Lactam resistance","beta-Lactam resistance"
"K18147","beta-Lactam resistance","beta-Lactam resistance","beta-Lactam resistance"
"K18148","beta-Lactam resistance","beta-Lactam resistance","beta-Lactam resistance"
"K18239","Phenylalanine, tyrosine and tryptophan biosynthesis","Phenylalanine, tyrosine and tryptophan biosynthesis","Phenylalanine, tyrosine and tryptophan biosynthesis"
"K18240","Metabolic pathways","Biosynthesis of secondary metabolites","Biosynthesis of cofactors"
"K18285","Metabolic pathways","Biosynthesis of secondary metabolites","Biosynthesis of cofactors"
"K18291","Metabolic pathways","C5-Branched dibasic acid metabolism","C5-Branched dibasic acid metabolism"
"K18292","Metabolic pathways","C5-Branched dibasic acid metabolism","C5-Branched dibasic acid metabolism"
"K18324","Two-component system","Two-component system","Two-component system"
"K18326","Two-component system","Two-component system","Two-component system"
"K18333","Metabolic pathways","Microbial metabolism in diverse environments","Fructose and mannose metabolism"
"K18334","Metabolic pathways","Microbial metabolism in diverse environments","Fructose and mannose metabolism"
"K18335","Metabolic pathways","Microbial metabolism in diverse environments","Fructose and mannose metabolism"
"K18369","Metabolic pathways","Butanoate metabolism","Butanoate metabolism"
"K18447","Metabolic pathways","Biosynthesis of secondary metabolites","Fructose and mannose metabolism"
"K18676","Metabolic pathways","Amino sugar and nucleotide sugar metabolism","Amino sugar and nucleotide sugar metabolism"
"K18697","Glycerophospholipid metabolism","Glycerophospholipid metabolism","Glycerophospholipid metabolism"
"K18800","Metabolic pathways","Biosynthesis of secondary metabolites","Biosynthesis of cofactors"
"K18889","ABC transporters","ABC transporters","ABC transporters"
"K18890","ABC transporters","ABC transporters","ABC transporters"
"K18930","Metabolic pathways","Pyruvate metabolism","Pyruvate metabolism"
"K18968","Biofilm formation - Escherichia coli","Biofilm formation - Escherichia coli","Biofilm formation - Escherichia coli"
"K18981","Metabolic pathways","Ascorbate and aldarate metabolism","Ascorbate and aldarate metabolism"
"K19222","Metabolic pathways","Biosynthesis of secondary metabolites","Biosynthesis of cofactors"
"K19226","ABC transporters","Cationic antimicrobial peptide (CAMP) resistance","Cationic antimicrobial peptide (CAMP) resistance"
"K19227","ABC transporters","Cationic antimicrobial peptide (CAMP) resistance","Cationic antimicrobial peptide (CAMP) resistance"
"K19228","ABC transporters","Cationic antimicrobial peptide (CAMP) resistance","Cationic antimicrobial peptide (CAMP) resistance"
"K19229","ABC transporters","Cationic antimicrobial peptide (CAMP) resistance","Cationic antimicrobial peptide (CAMP) resistance"
"K19230","ABC transporters","Cationic antimicrobial peptide (CAMP) resistance","Cationic antimicrobial peptide (CAMP) resistance"
"K19236","Cationic antimicrobial peptide (CAMP) resistance","Cationic antimicrobial peptide (CAMP) resistance","Cationic antimicrobial peptide (CAMP) resistance"
"K19270","Metabolic pathways","Fructose and mannose metabolism","Fructose and mannose metabolism"
"K19286","Metabolic pathways","Riboflavin metabolism","Riboflavin metabolism"
"K19340","ABC transporters","ABC transporters","ABC transporters"
"K19341","ABC transporters","ABC transporters","ABC transporters"
"K19349","ABC transporters","ABC transporters","ABC transporters"
"K19353","Lipopolysaccharide biosynthesis","Lipopolysaccharide biosynthesis","Lipopolysaccharide biosynthesis"
"K19354","Lipopolysaccharide biosynthesis","Lipopolysaccharide biosynthesis","Lipopolysaccharide biosynthesis"
"K19508","Phosphotransferase system (PTS)","Phosphotransferase system (PTS)","Phosphotransferase system (PTS)"
"K19509","Phosphotransferase system (PTS)","Phosphotransferase system (PTS)","Phosphotransferase system (PTS)"
"K19609","Two-component system","Two-component system","Two-component system"
"K19610","Two-component system","Two-component system","Two-component system"
"K19696","Metabolic pathways","Cysteine and methionine metabolism","Cysteine and methionine metabolism"
"K19713","Metabolic pathways","Microbial metabolism in diverse environments","Sulfur cycle"
"K19734","Quorum sensing","Quorum sensing","Quorum sensing"
"K19743","Metabolic pathways","Microbial metabolism in diverse environments","Lysine degradation"
