"contrast","ratio","SE","df","null","t.ratio","p.value"
"Cephalotrigona capitata / Friesella schrottickyi",1.85228924023331,0.393457179308786,45,1,2.90194830876442,0.472251419071836
"Cephalotrigona capitata / Frieseomelitta varia",1.11053610043171,0.238563343914571,45,1,0.488054000336549,1
"Cephalotrigona capitata / Lestrimelita limao",2.54053572251789,0.740117345293042,45,1,3.20048157387494,0.288852888117515
"Cephalotrigona capitata / Melipona asilvai",0.866128042946929,0.189713393534282,45,1,-0.656158785830669,0.999999999974561
"Cephalotrigona capitata / Melipona bicolor",1.13379145123086,0.241761018543903,45,1,0.588875381248583,1
"Cephalotrigona capitata / Melipona capixaba",0.85180748362304,0.186968686600995,45,1,-0.730739670022404,0.999999999643836
"Cephalotrigona capitata / Melipona captiosa",1.25072696653594,0.275813279989863,45,1,1.01452270512383,0.999999374640186
"Cephalotrigona capitata / Melipona fulva",0.983359013183832,0.228853491630922,45,1,-0.0721061801532918,1
"Cephalotrigona capitata / Melipona mandacaia",1.15776111233992,0.24885659440439,45,1,0.681509706293451,0.999999999934951
"Cephalotrigona capitata / Melipona marginata",1.9136864702113,0.418110643334283,45,1,2.97060781515902,0.426302821590778
"Cephalotrigona capitata / Melipona mondury",1.09614375760886,0.239429590543492,45,1,0.420266280739176,1
"Cephalotrigona capitata / Melipona quadrifasciata",0.865951861760363,0.184059595610719,45,1,-0.677133683822573,0.999999999944487
"Cephalotrigona capitata / Melipona scutellaris",0.954722533144891,0.205139240378172,45,1,-0.215641883356434,1
"Cephalotrigona capitata / Nannotrigona testaceicornis",1.59115992744997,0.358314156594492,45,1,2.06253456767334,0.946229678440969
"Cephalotrigona capitata / Oxytrigona tataira",3.30782048288555,0.944402044215405,45,1,4.19007028062018,0.0284825309700492
"Cephalotrigona capitata / Partamona helleri",0.795199452777782,0.171084339582132,45,1,-1.06514567834283,0.999998269938335
"Cephalotrigona capitata / Plebeia droryana",1.28501196773623,0.273061082777727,45,1,1.18010197060777,0.999986596447357
"Cephalotrigona capitata / Plebeia lucii",1.45767855702397,0.30995244393499,45,1,1.77226891376103,0.990303963964504
"Cephalotrigona capitata / Plebeia phrynostoma",1.79028547506023,0.559909619311323,45,1,1.86211779444168,0.982222116406446
"Cephalotrigona capitata / Scaptotrigona bipunctata",1.06679234869407,0.226755655978043,45,1,0.304181563540559,1
"Cephalotrigona capitata / Scaptotrigona depilis",1.33514980690843,0.381190277046939,45,1,1.01239826164866,0.999999401808036
"Cephalotrigona capitata / Scaptotrigona polysticta",0.866676274427015,0.184574887257439,45,1,-0.671881749803211,0.999999999954255
"Cephalotrigona capitata / Scaptotrigona xanthotricha",0.92238762778173,0.196242537656435,45,1,-0.37973133660139,1
"Cephalotrigona capitata / Schwarziana quadrifasciata",1.56783262047769,0.36523987132993,45,1,1.93036205210674,0.973148910425563
"Cephalotrigona capitata / Tetragona clavipes",1.21877402076644,0.264239594105142,45,1,0.912538858640993,0.99999993752617
"Cephalotrigona capitata / Tetragonisca angustula",1.68937452487697,0.384468554177222,45,1,2.30405748473035,0.857565682980329
"Cephalotrigona capitata / Trigona hyalinata",1.51771763046834,0.353908899737963,45,1,1.78917061036102,0.989068992360753
"Cephalotrigona capitata / Trigona spinipes",1.24224864773925,0.263929595899196,45,1,1.02100147166138,0.99999928455597
"Friesella schrottickyi / Frieseomelitta varia",0.599547887181936,0.115409088903908,45,1,-2.65764480767717,0.642931788411444
"Friesella schrottickyi / Lestrimelita limao",1.37156534051771,0.377401968003763,45,1,1.14824449995206,0.999992138361654
"Friesella schrottickyi / Melipona asilvai",0.467598701182237,0.0921499004508063,45,1,-3.85722319919138,0.068252024700412
"Friesella schrottickyi / Melipona bicolor",0.612102811269396,0.116920113728767,45,1,-2.56973524101618,0.702825762366139
"Friesella schrottickyi / Melipona capixaba",0.459867425195294,0.0908567218545318,45,1,-3.93182632416911,0.0565014874708749
"Friesella schrottickyi / Melipona captiosa",0.675233078813546,0.134161369461005,45,1,-1.97644253997397,0.965282274174735
"Friesella schrottickyi / Melipona fulva",0.530888476715424,0.112803619039821,45,1,-2.98004922897531,0.420126991748034
"Friesella schrottickyi / Melipona mandacaia",0.62504337184083,0.120403220424353,45,1,-2.43954670664344,0.784895307782532
"Friesella schrottickyi / Melipona marginata",1.03314667528396,0.202982217786961,45,1,0.165975402231475,1
"Friesella schrottickyi / Melipona mondury",0.591777857258832,0.116230860593846,45,1,-2.6710706497951,0.63359014725
"Friesella schrottickyi / Melipona quadrifasciata",0.467503585806766,0.088873304819859,45,1,-3.9996885317013,0.0474062101461074
"Friesella schrottickyi / Melipona scutellaris",0.51542842899883,0.0992442700561954,45,1,-3.44204968196576,0.178874838769021
"Friesella schrottickyi / Nannotrigona testaceicornis",0.859023468305385,0.175046736062485,45,1,-0.745723009944378,0.999999999419589
"Friesella schrottickyi / Oxytrigona tataira",1.7858012728449,0.4806856314974,45,1,2.15427199865571,0.918922800453395
"Friesella schrottickyi / Partamona helleri",0.429306306761044,0.0827907219191678,45,1,-4.38472812980635,0.0165297530777658
"Friesella schrottickyi / Plebeia droryana",0.693742607701145,0.131893692647049,45,1,-1.92329095788883,0.974225492934718
"Friesella schrottickyi / Plebeia lucii",0.786960548796561,0.149666085756108,45,1,-1.25972275340103,0.999954068486379
"Friesella schrottickyi / Plebeia phrynostoma",0.966525873051408,0.288458871783458,45,1,-0.114080423282684,1
"Friesella schrottickyi / Scaptotrigona bipunctata",0.575931839111531,0.109489376255181,45,1,-2.90237824951955,0.471958624801452
"Friesella schrottickyi / Scaptotrigona depilis",0.720810647661195,0.194121017714338,45,1,-1.21562378050571,0.999976374960822
"Friesella schrottickyi / Scaptotrigona polysticta",0.467894676275207,0.0891449237590014,45,1,-3.98644851583453,0.0490706107496057
"Friesella schrottickyi / Scaptotrigona xanthotricha",0.497971703202005,0.0947658678295719,45,1,-3.66368047125739,0.109083776539865
"Friesella schrottickyi / Schwarziana quadrifasciata",0.846429697059736,0.179997743405039,45,1,-0.784030064704731,0.999999998087995
"Friesella schrottickyi / Tetragona clavipes",0.657982562492735,0.128074423326264,45,1,-2.1504392556042,0.920217328359282
"Friesella schrottickyi / Tetragonisca angustula",0.912046827343325,0.188223946656265,45,1,-0.446099606050766,1
"Friesella schrottickyi / Trigona hyalinata",0.819373992734079,0.174430612700304,45,1,-0.935795063422693,0.999999890881317
"Friesella schrottickyi / Trigona spinipes",0.670655867753558,0.127472017174639,45,1,-2.10184515170341,0.935456446494013
"Frieseomelitta varia / Lestrimelita limao",2.28766603942931,0.618084313626904,45,1,3.06287838476413,0.367712013089459
"Frieseomelitta varia / Melipona asilvai",0.779918854155418,0.149113071067155,45,1,-1.300092868332,0.999918513861526
"Frieseomelitta varia / Melipona bicolor",1.02094065270828,0.200758918027511,45,1,0.105392048129035,1
"Frieseomelitta varia / Melipona capixaba",0.767023677385998,0.146813780522579,45,1,-1.3857249961083,0.999751849568556
"Frieseomelitta varia / Melipona captiosa",1.12623710841073,0.216153980821668,45,1,0.61941683120704,1
"Frieseomelitta varia / Melipona fulva",0.885481356978451,0.190813133143887,45,1,-0.564403889159318,1
"Frieseomelitta varia / Melipona mandacaia",1.04252451756394,0.198069895517345,45,1,0.219196027069611,1
"Frieseomelitta varia / Melipona marginata",1.7232096007211,0.32903978719614,45,1,2.84996238946766,0.508029683319808
"Frieseomelitta varia / Melipona mondury",0.987040184630414,0.188447998789645,45,1,-0.0683237386138081,1
"Frieseomelitta varia / Melipona quadrifasciata",0.779760208987109,0.149361903630871,45,1,-1.29872498198422,0.999920039136646
"Frieseomelitta varia / Melipona scutellaris",0.859695180349156,0.163332653596555,45,1,-0.795716436079474,0.999999997290924
"Frieseomelitta varia / Nannotrigona testaceicornis",1.43278541492835,0.279011011280426,45,1,1.84673303976178,0.983889909454997
"Frieseomelitta varia / Oxytrigona tataira",2.97857987831252,0.801508829803973,45,1,4.0560513714153,0.040872915789179
"Frieseomelitta varia / Partamona helleri",0.716050070293665,0.136050009252426,45,1,-1.75791561291453,0.991262015650048
"Frieseomelitta varia / Plebeia droryana",1.15710958629502,0.224189754568451,45,1,0.75316287940517,0.999999999263817
"Frieseomelitta varia / Plebeia lucii",1.31258997925174,0.251100098440308,45,1,1.42185309571018,0.999618008886076
"Frieseomelitta varia / Plebeia phrynostoma",1.61209120024488,0.504851985636106,45,1,1.52485383614863,0.998832057740466
"Frieseomelitta varia / Scaptotrigona bipunctata",0.960610238856135,0.183981318914667,45,1,-0.209823439496339,1
"Frieseomelitta varia / Scaptotrigona depilis",1.20225700577352,0.328417291587779,45,1,0.674314360439846,0.999999999949964
"Frieseomelitta varia / Scaptotrigona polysticta",0.78041251796326,0.148840441992613,45,1,-1.29998087487717,0.999918639715859
"Frieseomelitta varia / Scaptotrigona xanthotricha",0.830578697462565,0.158673195314619,45,1,-0.971698331846236,0.999999751662437
"Frieseomelitta varia / Schwarziana quadrifasciata",1.41177996813269,0.301319018522275,45,1,1.61574319293969,0.99723312236497
"Frieseomelitta varia / Tetragona clavipes",1.09746456715153,0.208879440182067,45,1,0.488640895165287,1
"Frieseomelitta varia / Tetragonisca angustula",1.52122432059636,0.298717560414829,45,1,2.13638983034128,0.924845955876241
"Frieseomelitta varia / Trigona hyalinata",1.36665312354847,0.2912058918403,45,1,1.46595349867903,0.999371421698553
"Frieseomelitta varia / Trigona spinipes",1.11860267059876,0.216415241583358,45,1,0.579318313021832,1
"Lestrimelita limao / Melipona asilvai",0.340923386855006,0.0916319177107027,45,1,-4.003701036537,0.0469118700092852
"Lestrimelita limao / Melipona bicolor",0.446280460133494,0.124998573190299,45,1,-2.88053293760774,0.486904338113534
"Lestrimelita limao / Melipona capixaba",0.33528656026093,0.0901028308142373,45,1,-4.06636499198945,0.0397692819130492
"Lestrimelita limao / Melipona captiosa",0.492308356639191,0.132277016148514,45,1,-2.63745233897217,0.656903155197975
"Lestrimelita limao / Melipona fulva",0.387067579671439,0.113113385265742,45,1,-3.2479578413987,0.264306858665086
"Lestrimelita limao / Melipona mandacaia",0.45571534463309,0.123085669201035,45,1,-2.90968660874047,0.466990361593142
"Lestrimelita limao / Melipona marginata",0.753260996588025,0.20251094714385,45,1,-1.05392627841177,0.999998610123063
"Lestrimelita limao / Melipona mondury",0.431461659008867,0.11600017893429,45,1,-3.1265174724339,0.329867474114275
"Lestrimelita limao / Melipona quadrifasciata",0.340854038809629,0.0933333383640914,45,1,-3.93065892726007,0.0566706475247422
"Lestrimelita limao / Melipona scutellaris",0.375795752322143,0.101519915300181,45,1,-3.62288394278436,0.119909780514387
"Lestrimelita limao / Nannotrigona testaceicornis",0.626308818784484,0.168518608149629,45,1,-1.7390199980938,0.992404688897939
"Lestrimelita limao / Oxytrigona tataira",1.30201691460855,0.432127594683183,45,1,0.795184553699987,0.999999997333171
"Lestrimelita limao / Partamona helleri",0.313004633522598,0.0845004552191392,45,1,-4.30253956928921,0.0208541028779965
"Lestrimelita limao / Plebeia droryana",0.505803542279134,0.139988665887864,45,1,-2.46276513345834,0.771017702199687
"Lestrimelita limao / Plebeia lucii",0.57376817972049,0.156890573026046,45,1,-2.03164112746862,0.953760007733625
"Lestrimelita limao / Plebeia phrynostoma",0.70468817233788,0.267514422222096,45,1,-0.92197189089985,0.999999921476021
"Lestrimelita limao / Scaptotrigona bipunctata",0.419908422951355,0.114965489635115,45,1,-3.16931944981833,0.305728623958333
"Lestrimelita limao / Scaptotrigona depilis",0.52553868661417,0.177692416394942,45,1,-1.90270121865148,0.97717404373472
"Lestrimelita limao / Scaptotrigona polysticta",0.34113918050641,0.0929403197342906,45,1,-3.94751339400821,0.0542713721937015
"Lestrimelita limao / Scaptotrigona xanthotricha",0.363068159052518,0.0991212715930981,45,1,-3.71108880275295,0.0975386461225777
"Lestrimelita limao / Schwarziana quadrifasciata",0.617126776286315,0.178474485792955,45,1,-1.66900746218778,0.995628246407305
"Lestrimelita limao / Tetragona clavipes",0.479731109452192,0.129154747808928,45,1,-2.72832913897418,0.593430071890446
"Lestrimelita limao / Tetragonisca angustula",0.664967829384683,0.179224147052275,45,1,-1.51384692407398,0.998955785470783
"Lestrimelita limao / Trigona hyalinata",0.597400625787757,0.172379791279168,45,1,-1.78536753330508,0.989357324569395
"Lestrimelita limao / Trigona spinipes",0.488971139720119,0.135160851549694,45,1,-2.58828856913877,0.690411845908946
"Melipona asilvai / Melipona bicolor",1.30903445565996,0.266016638788032,45,1,1.32514131356237,0.999885554303781
"Melipona asilvai / Melipona capixaba",0.983466002006857,0.186856379064628,45,1,-0.0877494892878431,1
"Melipona asilvai / Melipona captiosa",1.44404395715032,0.274479746303984,45,1,1.93314924692984,0.972715336372351
"Melipona asilvai / Melipona fulva",1.13535062303033,0.24990001049645,45,1,0.576723210329868,1
"Melipona asilvai / Melipona mandacaia",1.33670895633483,0.255441564360286,45,1,1.51865298921204,0.998903230955268
"Melipona asilvai / Melipona marginata",2.20947293624179,0.419805956857213,45,1,4.17232883952964,0.0298972908612974
"Melipona asilvai / Melipona mondury",1.26556779512567,0.240465207972751,45,1,1.23954576385115,0.999965939989521
"Melipona asilvai / Melipona quadrifasciata",0.999796587596948,0.195390936097603,45,1,-0.0010409475352745,1
"Melipona asilvai / Melipona scutellaris",1.10228798261343,0.210706369419748,45,1,0.509474993868847,1
"Melipona asilvai / Nannotrigona testaceicornis",1.83709549691542,0.351218389342577,45,1,3.18119839465593,0.299225136723265
"Melipona asilvai / Oxytrigona tataira",3.81908946352894,1.035394069355,45,1,4.94268413451117,0.003137077413088
"Melipona asilvai / Partamona helleri",0.918108424329713,0.175325354381581,45,1,-0.447413824526164,1
"Melipona asilvai / Plebeia droryana",1.48362817507222,0.29532502833108,45,1,1.9818073299418,0.96426625024612
"Melipona asilvai / Plebeia lucii",1.68298275167762,0.32812485101666,45,1,2.67003977678607,0.634308733110979
"Melipona asilvai / Plebeia phrynostoma",2.06699862640278,0.671114153634982,45,1,2.23634499006424,0.887898437406634
"Melipona asilvai / Scaptotrigona bipunctata",1.23167972377894,0.24065569365399,45,1,1.06648640331634,0.999998224507545
"Melipona asilvai / Scaptotrigona depilis",1.54151550429622,0.42827534082809,45,1,1.55767908061996,0.998385108107492
"Melipona asilvai / Scaptotrigona polysticta",1.00063296816741,0.193892130556045,45,1,0.00326557064328092,1
"Melipona asilvai / Scaptotrigona xanthotricha",1.06495527456123,0.207079854115617,45,1,0.323646258676232,1
"Melipona asilvai / Schwarziana quadrifasciata",1.81016263501095,0.392027121944992,45,1,2.74006737763109,0.58515966613446
"Melipona asilvai / Tetragona clavipes",1.40715224578073,0.267715044682959,45,1,1.79533484279586,0.988588366523044
"Melipona asilvai / Tetragonisca angustula",1.95049050614851,0.374641644093065,45,1,3.47821829024143,0.165561994103966
"Melipona asilvai / Trigona hyalinata",1.75230168660102,0.378194581287345,45,1,2.59897665716395,0.683198125559835
"Melipona asilvai / Trigona spinipes",1.43425519801045,0.284880240078901,45,1,1.81570316532563,0.986878818223843
"Melipona bicolor / Melipona capixaba",0.751291150324254,0.153174610940719,45,1,-1.40258710470385,0.999695685189715
"Melipona bicolor / Melipona captiosa",1.10313670576554,0.226523017360871,45,1,0.478014697116488,1
"Melipona bicolor / Melipona fulva",0.86731912832495,0.184655185533589,45,1,-0.668605062001481,0.999999999959471
"Melipona bicolor / Melipona mandacaia",1.0211411552654,0.201023547609484,45,1,0.106271485836793,1
"Melipona bicolor / Melipona marginata",1.68786461402031,0.341637829266117,45,1,2.58617929260951,0.691830248990535
"Melipona bicolor / Melipona mondury",0.966794869037747,0.19560835515958,45,1,-0.166903071772303,1
"Melipona bicolor / Melipona quadrifasciata",0.763766441191871,0.146492854882433,45,1,-1.405050740389,0.999686602126417
"Melipona bicolor / Melipona scutellaris",0.842061855474769,0.165656241622275,45,1,-0.873809229029142,0.999999976444518
"Melipona bicolor / Nannotrigona testaceicornis",1.40339735823777,0.297131225499541,45,1,1.60065884782256,0.997584389028985
"Melipona bicolor / Oxytrigona tataira",2.91748582095458,0.790862963082836,45,1,3.94988393176575,0.0539412512683013
"Melipona bicolor / Partamona helleri",0.701363069826025,0.138309847603032,45,1,-1.7988179572411,0.988309397477721
"Melipona bicolor / Plebeia droryana",1.13337595405328,0.215811087482501,45,1,0.657517274642582,0.999999999973222
"Melipona bicolor / Plebeia lucii",1.28566726750452,0.246965686880582,45,1,1.30811579949791,0.999909029910023
"Melipona bicolor / Plebeia phrynostoma",1.57902537818279,0.458535293206701,45,1,1.57307655836777,0.998129362668641
"Melipona bicolor / Scaptotrigona bipunctata",0.940907031479152,0.180492517990068,45,1,-0.317528583035324,1
"Melipona bicolor / Scaptotrigona depilis",1.17759734866494,0.316406822436317,45,1,0.608422912107113,1
"Melipona bicolor / Scaptotrigona polysticta",0.764405370569814,0.147539306838228,45,1,-1.39191981589628,0.999732385411076
"Melipona bicolor / Scaptotrigona xanthotricha",0.81354258473229,0.156569789189524,45,1,-1.0722388592586,0.999998016802964
"Melipona bicolor / Schwarziana quadrifasciata",1.38282275702081,0.296625082757902,45,1,1.51103214246116,0.998985541850621
"Melipona bicolor / Tetragona clavipes",1.07495432201691,0.214859620109034,45,1,0.361611598699128,1
"Melipona bicolor / Tetragonisca angustula",1.49002228147245,0.320152987547957,45,1,1.85601137208081,0.982899497346976
"Melipona bicolor / Trigona hyalinata",1.33862151528897,0.287936896639071,45,1,1.35583897461009,0.999829210006299
"Melipona bicolor / Trigona spinipes",1.0956588589468,0.208742019119833,45,1,0.479514760129416,1
"Melipona capixaba / Melipona captiosa",1.46832117653646,0.279024494329141,45,1,2.02136761691014,0.95608805051568
"Melipona capixaba / Melipona fulva",1.15443810026329,0.254671163788996,45,1,0.651008782633095,0.999999999979139
"Melipona capixaba / Melipona mandacaia",1.35918166322694,0.260019408489803,45,1,1.6041474654652,0.99750671039359
"Melipona capixaba / Melipona marginata",2.24661852238221,0.42693471416907,45,1,4.25936764660166,0.0235258135251306
"Melipona capixaba / Melipona mondury",1.28684447916162,0.244551544977766,45,1,1.32705468959743,0.999882603266591
"Melipona capixaba / Melipona quadrifasciata",1.01660513485648,0.199126357334913,45,1,0.0840784892325307,1
"Melipona capixaba / Melipona scutellaris",1.12081961182604,0.214487980251202,45,1,0.596028386169613,1
"Melipona capixaba / Nannotrigona testaceicornis",1.86798068582609,0.356753126696449,45,1,3.2717938219001,0.252521832226655
"Melipona capixaba / Oxytrigona tataira",3.88329586964442,1.05378702550932,45,1,4.99949818472274,0.0026307331438824
"Melipona capixaba / Partamona helleri",0.933543632882299,0.178456061832802,45,1,-0.359738593309452,1
"Melipona capixaba / Plebeia droryana",1.50857088302467,0.301137123152698,45,1,2.05975328740073,0.946940777311676
"Melipona capixaba / Plebeia lucii",1.71127700219766,0.334368545521805,45,1,2.74955960423956,0.578468633756443
"Melipona capixaba / Plebeia phrynostoma",2.10174893914469,0.684594042293749,45,1,2.28035243951542,0.868664377854711
"Melipona capixaba / Scaptotrigona bipunctata",1.25238668267696,0.245254557741171,45,1,1.14921807903153,0.999992006201514
"Melipona capixaba / Scaptotrigona depilis",1.56743141211858,0.436224576090609,45,1,1.61491041097492,0.997253582365883
"Melipona capixaba / Scaptotrigona polysticta",1.01745557662951,0.197531650648751,45,1,0.08913531761583,1
"Melipona capixaba / Scaptotrigona xanthotricha",1.08285926751722,0.21099832848733,45,1,0.408538903335766,1
"Melipona capixaba / Schwarziana quadrifasciata",1.84059502953548,0.399297835416641,45,1,2.81225317656101,0.534350981419734
"Melipona capixaba / Tetragona clavipes",1.43080924293193,0.272368675252637,45,1,1.881910143356,0.979881875305866
"Melipona capixaba / Tetragonisca angustula",1.98328208821489,0.380416501616024,45,1,3.56992543119041,0.135264107683309
"Melipona capixaba / Trigona hyalinata",1.78176132476901,0.385152217679166,45,1,2.67205935868074,0.63290075959142
"Melipona capixaba / Trigona spinipes",1.45836784910074,0.290470511095983,45,1,1.89440329225688,0.97828638977174
"Melipona captiosa / Melipona fulva",0.786229960250539,0.174305598380918,45,1,-1.08483601433523,0.999997481353495
"Melipona captiosa / Melipona mandacaia",0.925670544664511,0.177550471768184,45,1,-0.402679385720664,1
"Melipona captiosa / Melipona marginata",1.53005933462162,0.290958409946181,45,1,2.23655402901505,0.887811337857475
"Melipona captiosa / Melipona mondury",0.876405312219962,0.166667554881055,45,1,-0.69372339322318,0.999999999899409
"Melipona captiosa / Melipona quadrifasciata",0.69235883204688,0.136304464373751,45,1,-1.86748364276857,0.981609772000721
"Melipona captiosa / Melipona scutellaris",0.763334091843501,0.146467855873007,45,1,-1.40744605505549,0.999677542175137
"Melipona captiosa / Nannotrigona testaceicornis",1.27218807143568,0.242506999108339,45,1,1.26290954914491,0.999951884534805
"Melipona captiosa / Oxytrigona tataira",2.64471828895399,0.719216565212575,45,1,3.57633483978334,0.133325079621026
"Melipona captiosa / Partamona helleri",0.635789803893167,0.121839845081427,45,1,-2.36327538552393,0.82766329289511
"Melipona captiosa / Plebeia droryana",1.02741205884066,0.206367678299462,45,1,0.134635340417755,1
"Melipona captiosa / Plebeia lucii",1.1654650423515,0.228837789537034,45,1,0.779837209870493,0.999999998315531
"Melipona captiosa / Plebeia phrynostoma",1.43139591850223,0.469454541100724,45,1,1.09354643387797,0.999997036376243
"Melipona captiosa / Scaptotrigona bipunctata",0.852937833145707,0.167877070414623,45,1,-0.808184458727248,0.999999996100412
"Melipona captiosa / Scaptotrigona depilis",1.06749901667693,0.298214886037112,45,1,0.233816237202693,1
"Melipona captiosa / Scaptotrigona polysticta",0.69293802533689,0.135117198153341,45,1,-1.88118068303735,0.979972180391622
"Melipona captiosa / Scaptotrigona xanthotricha",0.737481202901067,0.144373515546661,45,1,-1.55550587437819,0.998418669886482
"Melipona captiosa / Schwarziana quadrifasciata",1.25353707277937,0.272988356735139,45,1,1.03762955289045,0.999998995380077
"Melipona captiosa / Tetragona clavipes",0.974452501125801,0.18577587346845,45,1,-0.135746079226446,1
"Melipona captiosa / Tetragonisca angustula",1.35071408075251,0.258404328823562,45,1,1.57145110588953,0.998157899129455
"Melipona captiosa / Trigona hyalinata",1.2134683836488,0.263236671120192,45,1,0.891916496725121,0.99999996255552
"Melipona captiosa / Trigona spinipes",0.993221287280488,0.199034903755114,45,1,-0.0339422132882296,1
"Melipona fulva / Melipona mandacaia",1.1773534353353,0.253879021245155,45,1,0.757153534304268,0.999999999164752
"Melipona fulva / Melipona marginata",1.94607101226981,0.427190979508565,45,1,3.03311263202285,0.386162734553243
"Melipona fulva / Melipona mondury",1.11469335503405,0.244624891506302,45,1,0.494768452551001,1
"Melipona fulva / Melipona quadrifasciata",0.880606014843614,0.187345790062899,45,1,-0.597636127019357,1
"Melipona fulva / Melipona scutellaris",0.970878916392678,0.209269990597067,45,1,-0.137109424097592,1
"Melipona fulva / Nannotrigona testaceicornis",1.61808648328574,0.366710577141722,45,1,2.12345891733758,0.928945205805589
"Melipona fulva / Oxytrigona tataira",3.36379739092012,0.96135079638194,45,1,4.24457277981747,0.0245119198231769
"Melipona fulva / Partamona helleri",0.808656291462827,0.174556484774519,45,1,-0.983884851487942,0.999999675023135
"Melipona fulva / Plebeia droryana",1.30675770548513,0.27758239809882,45,1,1.25952425597551,0.999954201509765
"Melipona fulva / Plebeia lucii",1.4823462616206,0.315545815152158,45,1,1.84914587869973,0.983636795231472
"Melipona fulva / Plebeia phrynostoma",1.8205817519929,0.566251772652735,45,1,1.92637392755339,0.973760209857513
"Melipona fulva / Scaptotrigona bipunctata",1.0848452440987,0.230808054182946,45,1,0.38277224055685,1
"Melipona fulva / Scaptotrigona depilis",1.35774400702914,0.387336385348018,45,1,1.0720175104871,0.999998025193183
"Melipona fulva / Scaptotrigona polysticta",0.881342686452802,0.18800454009969,45,1,-0.592120258114342,1
"Melipona fulva / Scaptotrigona xanthotricha",0.937996820505367,0.199827737758075,45,1,-0.300458665927225,1
"Melipona fulva / Schwarziana quadrifasciata",1.59436441773336,0.371807363984218,45,1,2.00031384275295,0.96059308635421
"Melipona fulva / Tetragona clavipes",1.2393988405317,0.26981180825642,45,1,0.985901182307518,0.999999660397716
"Melipona fulva / Tetragonisca angustula",1.71796312661768,0.393645417722112,45,1,2.3616621091201,0.828517804503077
"Melipona fulva / Trigona hyalinata",1.54340135201935,0.360383702013374,45,1,1.8586264224396,0.982611926649893
"Melipona fulva / Trigona spinipes",1.2632707191214,0.268336403085194,45,1,1.10022951443853,0.999996647073847
"Melipona mandacaia / Melipona marginata",1.65291997616296,0.315481107355313,45,1,2.63300722594255,0.659964422026302
"Melipona mandacaia / Melipona mondury",0.946778869946214,0.180683636948141,45,1,-0.286573101794653,1
"Melipona mandacaia / Melipona quadrifasciata",0.747953833075471,0.143351646773037,45,1,-1.51526882927721,0.998940468805222
"Melipona mandacaia / Melipona scutellaris",0.824628261365014,0.156670664586945,45,1,-1.01491210661362,0.999999369537966
"Melipona mandacaia / Nannotrigona testaceicornis",1.37434217688839,0.267376743317319,45,1,1.63442310992377,0.996739163990147
"Melipona mandacaia / Oxytrigona tataira",2.85708376937986,0.768952302512916,45,1,3.9005939063934,0.0611842400471296
"Melipona mandacaia / Partamona helleri",0.68684242742497,0.130495301399385,45,1,-1.97717935886198,0.965144009077118
"Melipona mandacaia / Plebeia droryana",1.10991115009825,0.215231707206514,45,1,0.537753009486134,1
"Melipona mandacaia / Plebeia lucii",1.25904950640284,0.240985001244831,45,1,1.20352288194232,0.999980460219146
"Melipona mandacaia / Plebeia phrynostoma",1.54633408911268,0.484934429593522,45,1,1.38993423842855,0.999738766351723
"Melipona mandacaia / Scaptotrigona bipunctata",0.921427000202146,0.176577275511095,45,1,-0.427019610803489,1
"Melipona mandacaia / Scaptotrigona depilis",1.15321700882663,0.315199176744992,45,1,0.521566569737674,1
"Melipona mandacaia / Scaptotrigona polysticta",0.748579534404468,0.142826226187581,45,1,-1.51773268282633,0.99891346793059
"Melipona mandacaia / Scaptotrigona xanthotricha",0.796699438209251,0.152273205852685,45,1,-1.18912637846249,0.999984477999565
"Melipona mandacaia / Schwarziana quadrifasciata",1.35419354110883,0.289142592194535,45,1,1.42005971955434,0.999625911761878
"Melipona mandacaia / Tetragona clavipes",1.05269904799549,0.2003078499953,45,1,0.269903917304833,1
"Melipona mandacaia / Tetragonisca angustula",1.45917366447265,0.286222412236868,45,1,1.92639833734049,0.973756500695883
"Melipona mandacaia / Trigona hyalinata",1.31090741802592,0.279417676353795,45,1,1.27009970916297,0.999946608864358
"Melipona mandacaia / Trigona spinipes",1.07297492936913,0.207761513007067,45,1,0.36375887730574,1
"Melipona marginata / Melipona mondury",0.572791716235432,0.108824061640394,45,1,-2.93297744436203,0.451274449227323
"Melipona marginata / Melipona quadrifasciata",0.45250456396065,0.0881943693988482,45,1,-4.06847804971249,0.0395465197217624
"Melipona marginata / Melipona scutellaris",0.498891823716282,0.0952449371975249,45,1,-3.64231862124776,0.114646721542569
"Melipona marginata / Nannotrigona testaceicornis",0.831463226718781,0.159185706658527,45,1,-0.964041808762068,0.99999979081524
"Melipona marginata / Oxytrigona tataira",1.72850701218592,0.468100087742389,45,1,2.020805762492,0.956212887979455
"Melipona marginata / Partamona helleri",0.41553277674058,0.0792606175889607,45,1,-4.60403050291229,0.00874154971265373
"Melipona marginata / Plebeia droryana",0.671485108840395,0.133208887217078,45,1,-2.0075835360867,0.959077366288641
"Melipona marginata / Plebeia lucii",0.761712317934201,0.148123380328069,45,1,-1.3996958478183,0.999706047481478
"Melipona marginata / Plebeia phrynostoma",0.935516607828946,0.302537035396564,45,1,-0.206117412787843,1
"Melipona marginata / Scaptotrigona bipunctata",0.557454089423686,0.108626770764846,45,1,-2.99891365266396,0.407903393360697
"Melipona marginata / Scaptotrigona depilis",0.697684718835375,0.193432531276482,45,1,-1.29842743776598,0.999920367500665
"Melipona marginata / Scaptotrigona polysticta",0.452883106986339,0.0875554412564094,45,1,-4.0972704614075,0.0366216254996136
"Melipona marginata / Scaptotrigona xanthotricha",0.48199516594789,0.0934930423881853,45,1,-3.76252904594878,0.0861958233302484
"Melipona marginata / Schwarziana quadrifasciata",0.819273504245747,0.177071180314208,45,1,-0.922294466731595,0.99999992086434
"Melipona marginata / Tetragona clavipes",0.636872361140674,0.121098362336154,45,1,-2.37284715787174,0.822548924100979
"Melipona marginata / Tetragonisca angustula",0.882785425498897,0.169873040547546,45,1,-0.647893319379633,0.999999999981497
"Melipona marginata / Trigona hyalinata",0.793085834118249,0.170854817659124,45,1,-1.07609602653078,0.999997865213529
"Melipona marginata / Trigona spinipes",0.649139065921328,0.12850680576324,45,1,-2.18275119180131,0.908874338373494
"Melipona mondury / Melipona quadrifasciata",0.789998442950001,0.153931145110743,45,1,-1.20977358652582,0.999978438023915
"Melipona mondury / Melipona scutellaris",0.870982958683754,0.166261799233173,45,1,-0.723626077829573,0.999999999718852
"Melipona mondury / Nannotrigona testaceicornis",1.45159785512161,0.277954726558136,45,1,1.94621477910883,0.970612018809239
"Melipona mondury / Oxytrigona tataira",3.01768856495727,0.817136440536282,45,1,4.07889085079924,0.0384651745702635
"Melipona mondury / Partamona helleri",0.725451791571974,0.138360789139467,45,1,-1.68285744392969,0.995102576381515
"Melipona mondury / Plebeia droryana",1.17230240907394,0.232480925065217,45,1,0.801616502181164,0.999999996778229
"Melipona mondury / Plebeia lucii",1.32982425608459,0.258531958854186,45,1,1.46620999617699,0.999369653682919
"Melipona mondury / Plebeia phrynostoma",1.63325792135657,0.527964366039953,45,1,1.51759930402589,0.998914944686163
"Melipona mondury / Scaptotrigona bipunctata",0.973223029633616,0.189593286115181,45,1,-0.139325734676361,1
"Melipona mondury / Scaptotrigona depilis",1.21804261315226,0.337630210738315,45,1,0.711586215320336,0.999999999812849
"Melipona mondury / Scaptotrigona polysticta",0.790659316728303,0.152822784528695,45,1,-1.21524069826799,0.999976515350681
"Melipona mondury / Scaptotrigona xanthotricha",0.841484177033345,0.163183339624111,45,1,-0.889981350962628,0.999999964342446
"Melipona mondury / Schwarziana quadrifasciata",1.43031660728313,0.309074647054312,45,1,1.65624823922341,0.996070057351822
"Melipona mondury / Tetragona clavipes",1.1118742521739,0.211407257595815,45,1,0.557743612836918,1
"Melipona mondury / Tetragonisca angustula",1.54119796162703,0.296628591501191,45,1,2.24745903332953,0.883210883366742
"Melipona mondury / Trigona hyalinata",1.38459724824699,0.298229787544772,45,1,1.51078410919117,0.998988128372452
"Melipona mondury / Trigona spinipes",1.1332898984428,0.224276340686256,45,1,0.632267724161281,1
"Melipona quadrifasciata / Melipona scutellaris",1.10251224727905,0.211231457504089,45,1,0.509373725417278,1
"Melipona quadrifasciata / Nannotrigona testaceicornis",1.83746926095332,0.370242748932652,45,1,3.01936094523621,0.394837537227088
"Melipona quadrifasciata / Oxytrigona tataira",3.81986647174729,1.02699626300955,45,1,4.98487123232985,0.00275297634594096
"Melipona quadrifasciata / Partamona helleri",0.918295216966506,0.176158004479353,45,1,-0.444329143357344,1
"Melipona quadrifasciata / Plebeia droryana",1.48393002484454,0.282650920091947,45,1,2.07216117687746,0.943716849992869
"Melipona quadrifasciata / Plebeia lucii",1.68332516089371,0.319830979073295,45,1,2.74090739339604,0.584567618731792
"Melipona quadrifasciata / Plebeia phrynostoma",2.06741916510327,0.623040843803762,45,1,2.41006464311568,0.801959987744972
"Melipona quadrifasciata / Scaptotrigona bipunctata",1.23193031368444,0.234052995868073,45,1,1.09786613602474,0.999996789824098
"Melipona quadrifasciata / Scaptotrigona depilis",1.54182913146495,0.416039442863087,45,1,1.604571241644,0.997497131812075
"Melipona quadrifasciata / Scaptotrigona polysticta",1.00083655073526,0.190304069312656,45,1,0.00439770179016194,1
"Melipona quadrifasciata / Scaptotrigona xanthotricha",1.06517194374597,0.202424626697419,45,1,0.332227100784623,1
"Melipona quadrifasciata / Schwarziana quadrifasciata",1.81053091945608,0.384636270601196,45,1,2.79424401228047,0.546994525635114
"Melipona quadrifasciata / Tetragona clavipes",1.40743853623553,0.27209602148794,45,1,1.76784008916274,0.99060820861097
"Melipona quadrifasciata / Tetragonisca angustula",1.95088734083059,0.39779369344397,45,1,3.27744615606127,0.249780401256599
"Melipona quadrifasciata / Trigona hyalinata",1.75265819901701,0.372524906838691,45,1,2.64002593606246,0.655128271787633
"Melipona quadrifasciata / Trigona spinipes",1.43454700266355,0.273103422111922,45,1,1.89545419120891,0.978147868466318
"Melipona scutellaris / Nannotrigona testaceicornis",1.66662027155537,0.324425610708449,45,1,2.62404051108596,0.666122245711807
"Melipona scutellaris / Oxytrigona tataira",3.4646930056102,0.932381293377916,45,1,4.61754307608455,0.00839880957937289
"Melipona scutellaris / Partamona helleri",0.832911579198163,0.15825091938688,45,1,-0.962265393290191,0.99999979903679
"Melipona scutellaris / Plebeia droryana",1.34595332478783,0.260866093499108,45,1,1.53291738499052,0.998733566147821
"Melipona scutellaris / Plebeia lucii",1.52680858198908,0.292140036147318,45,1,2.21165968678944,0.897895555608533
"Melipona scutellaris / Plebeia phrynostoma",1.87518929626911,0.587565087370233,45,1,2.00650031946556,0.959305851702146
"Melipona scutellaris / Scaptotrigona bipunctata",1.11738469729003,0.214054789030498,45,1,0.579382000482745,1
"Melipona scutellaris / Scaptotrigona depilis",1.39846893789173,0.382099931496906,45,1,1.22746880622106,0.999971639442762
"Melipona scutellaris / Scaptotrigona polysticta",0.90777817045142,0.173158251054303,45,1,-0.507237111086677,1
"Melipona scutellaris / Scaptotrigona xanthotricha",0.966131620192676,0.18460296976334,45,1,-0.18032353143438,1
"Melipona scutellaris / Schwarziana quadrifasciata",1.64218667314072,0.350548739235824,45,1,2.32370456573721,0.847983978317741
"Melipona scutellaris / Tetragona clavipes",1.27657406047781,0.242944245609601,45,1,1.28306731709641,0.999935759481259
"Melipona scutellaris / Tetragonisca angustula",1.76949267062139,0.347321258455113,45,1,2.90750088429764,0.468474467319801
"Melipona scutellaris / Trigona hyalinata",1.58969499281527,0.338773617322632,45,1,2.17517134745539,0.911622953370341
"Melipona scutellaris / Trigona spinipes",1.30116196550555,0.251816704266499,45,1,1.36027865059784,0.999819284450835
"Nannotrigona testaceicornis / Oxytrigona tataira",2.07887367311138,0.571211105484556,45,1,2.66341864992839,0.638919018958694
"Nannotrigona testaceicornis / Partamona helleri",0.499760859395315,0.0970919681946067,45,1,-3.57029443832688,0.135151858170873
"Nannotrigona testaceicornis / Plebeia droryana",0.807594475934058,0.166706174342556,45,1,-1.03522913963431,0.999999042925578
"Nannotrigona testaceicornis / Plebeia lucii",0.916110651026817,0.183983253484958,45,1,-0.436278273576097,1
"Nannotrigona testaceicornis / Plebeia phrynostoma",1.12514489849514,0.379300345788484,45,1,0.349770019978153,1
"Nannotrigona testaceicornis / Scaptotrigona bipunctata",0.670449481721011,0.13505239238228,45,1,-1.98478782773709,0.963692403310333
"Nannotrigona testaceicornis / Scaptotrigona depilis",0.839104720949189,0.238307102050949,45,1,-0.617671696659942,1
"Nannotrigona testaceicornis / Scaptotrigona polysticta",0.544682064621859,0.108425193294878,45,1,-3.05208802906884,0.374347806901202
"Nannotrigona testaceicornis / Scaptotrigona xanthotricha",0.579695109127071,0.115983878322015,45,1,-2.7252105612202,0.595626176032664
"Nannotrigona testaceicornis / Schwarziana quadrifasciata",0.985339432844025,0.21846502373812,45,1,-0.0666128231286231,1
"Nannotrigona testaceicornis / Tetragona clavipes",0.765965758526658,0.147492327744355,45,1,-1.38461517052592,0.999755200910635
"Nannotrigona testaceicornis / Tetragonisca angustula",1.06172515768695,0.201849421668836,45,1,0.315047355200275,1
"Nannotrigona testaceicornis / Trigona hyalinata",0.9538435478957,0.21042221309046,45,1,-0.214209634140041,1
"Nannotrigona testaceicornis / Trigona spinipes",0.780718912227829,0.160716872475219,45,1,-1.20248257544663,0.999980779508966
"Oxytrigona tataira / Partamona helleri",0.240399821239421,0.0647195747842103,45,1,-5.29481789452741,0.00103740915509209
"Oxytrigona tataira / Plebeia droryana",0.388476936515992,0.104766478127462,45,1,-3.50601922607875,0.155862251758298
"Oxytrigona tataira / Plebeia lucii",0.440676440745774,0.118450221980436,45,1,-3.04862094069762,0.376492851074532
"Oxytrigona tataira / Plebeia phrynostoma",0.541228124175132,0.19486554315324,45,1,-1.70511288617249,0.994148602106099
"Oxytrigona tataira / Scaptotrigona bipunctata",0.32250611972856,0.0867058200168134,45,1,-4.20915944952979,0.0270290929168877
"Oxytrigona tataira / Scaptotrigona depilis",0.403634300536082,0.13355210178258,45,1,-2.74196813696603,0.58381997415897
"Oxytrigona tataira / Scaptotrigona polysticta",0.262008255560161,0.0703993694636822,45,1,-4.98482341074036,0.00275338487332499
"Oxytrigona tataira / Scaptotrigona xanthotricha",0.278850570202979,0.0749370414923145,45,1,-4.75217949299455,0.00561419431973764
"Oxytrigona tataira / Schwarziana quadrifasciata",0.473977541583515,0.135105938519448,45,1,-2.61919962387595,0.669436532805945
"Oxytrigona tataira / Tetragona clavipes",0.368452286655909,0.0994655456651347,45,1,-3.69855705247463,0.100485685408929
"Oxytrigona tataira / Tetragonisca angustula",0.510721344649047,0.141112131440469,45,1,-2.43189283308115,0.789386899606372
"Oxytrigona tataira / Trigona hyalinata",0.458827085182195,0.130761350227851,45,1,-2.73371190042342,0.589638278277523
"Oxytrigona tataira / Trigona spinipes",0.375548991901635,0.101234361388622,45,1,-3.63315418390841,0.117104250680905
"Partamona helleri / Plebeia droryana",1.61596183604936,0.31378571146688,45,1,2.47158838257825,0.765648159010882
"Partamona helleri / Plebeia lucii",1.83309803840033,0.351152196317578,45,1,3.16350313153427,0.308944318605639
"Partamona helleri / Plebeia phrynostoma",2.25136658332249,0.707527937823792,45,1,2.58232656376115,0.69441646577368
"Partamona helleri / Scaptotrigona bipunctata",1.34154059710122,0.257316248091382,45,1,1.53184905332068,0.99874701318974
"Partamona helleri / Scaptotrigona depilis",1.67901248201882,0.459310336842899,45,1,1.89430534707715,0.978299265649642
"Partamona helleri / Scaptotrigona polysticta",1.08988540095136,0.20807926829929,45,1,0.450834053595716,1
"Partamona helleri / Scaptotrigona xanthotricha",1.15994499815066,0.221867620002073,45,1,0.775705990876338,0.999999998514536
"Partamona helleri / Schwarziana quadrifasciata",1.97162185537346,0.421237863113214,45,1,3.17741682686907,0.301286100718331
"Partamona helleri / Tetragona clavipes",1.53266456171345,0.291533646979235,45,1,2.24488553780513,0.884306576083898
"Partamona helleri / Tetragonisca angustula",2.12446640773666,0.416052686720428,45,1,3.84766016199001,0.0699032005088001
"Partamona helleri / Trigona hyalinata",1.90859994328048,0.407025166118468,45,1,3.03092233679465,0.387538188451875
"Partamona helleri / Trigona spinipes",1.56218498818106,0.302881077922201,45,1,2.30079751717445,0.859122178350282
"Plebeia droryana / Plebeia lucii",1.13436963516529,0.21624458447934,45,1,0.661371680727761,0.999999999969048
"Plebeia droryana / Plebeia phrynostoma",1.3932052930325,0.411626974581569,45,1,1.12236742951054,0.999994996452501
"Plebeia droryana / Scaptotrigona bipunctata",0.83018086638789,0.158139169616422,45,1,-0.977027797342023,0.999999720492013
"Plebeia droryana / Scaptotrigona depilis",1.0390174102896,0.279414546245508,45,1,0.142329305881722,1
"Plebeia droryana / Scaptotrigona polysticta",0.674449963258953,0.128940871863139,45,1,-2.06014871659795,0.946840081884296
"Plebeia droryana / Scaptotrigona xanthotricha",0.717804698275826,0.136984335462063,45,1,-1.737379047169,0.992497873433132
"Plebeia droryana / Schwarziana quadrifasciata",1.22009184337769,0.260009544887213,45,1,0.933458645695347,0.999999896732805
"Plebeia droryana / Tetragona clavipes",0.948453439631007,0.186179469426074,45,1,-0.269603315897489,1
"Plebeia droryana / Tetragonisca angustula",1.31467610208572,0.275061969310448,45,1,1.30764228533158,0.999909616004919
"Plebeia droryana / Trigona hyalinata",1.18109221437218,0.252122097594121,45,1,0.779703707941418,0.999999998322338
"Plebeia droryana / Trigona spinipes",0.966721461690108,0.183671598660151,45,1,-0.178136202067858,1
"Plebeia lucii / Plebeia phrynostoma",1.22817576373993,0.371257605409279,45,1,0.679923856372315,0.999999999938572
"Plebeia lucii / Scaptotrigona bipunctata",0.731843343344542,0.139048534220863,45,1,-1.64311904647724,0.996485062549967
"Plebeia lucii / Scaptotrigona depilis",0.915942544722827,0.247331252039795,45,1,-0.325156070065802,1
"Plebeia lucii / Scaptotrigona polysticta",0.594559253307835,0.113010086900453,45,1,-2.73543816840738,0.588421952279028
"Plebeia lucii / Scaptotrigona xanthotricha",0.632778484211839,0.120230086156051,45,1,-2.40856099205865,0.802812886822246
"Plebeia lucii / Schwarziana quadrifasciata",1.07556814424067,0.22847166142468,45,1,0.342948852496574,1
"Plebeia lucii / Tetragona clavipes",0.836106159958003,0.161337394777477,45,1,-0.927638271820958,0.999999910060231
"Plebeia lucii / Tetragonisca angustula",1.15894860134736,0.235472591414349,45,1,0.726030296310478,0.999999999695353
"Plebeia lucii / Trigona hyalinata",1.0411881434045,0.221238017415013,45,1,0.189953624801357,1
"Plebeia lucii / Trigona spinipes",0.85221027760431,0.162359556741052,45,1,-0.839415652027992,0.999999990598426
"Plebeia phrynostoma / Scaptotrigona bipunctata",0.595878346529165,0.179623918297612,45,1,-1.71746277016832,0.993556272649213
"Plebeia phrynostoma / Scaptotrigona depilis",0.745774808268227,0.259139467844436,45,1,-0.844175964653526,0.999999989291036
"Plebeia phrynostoma / Scaptotrigona polysticta",0.484099483853466,0.147616237860024,45,1,-2.37912280976518,0.819154840286551
"Plebeia phrynostoma / Scaptotrigona xanthotricha",0.515218182033622,0.156303697824077,45,1,-2.18596600341739,0.907692282871614
"Plebeia phrynostoma / Schwarziana quadrifasciata",0.875744478921689,0.278082635456378,45,1,-0.417841927157425,1
"Plebeia phrynostoma / Tetragona clavipes",0.680770769659198,0.217274713114517,45,1,-1.20481824054228,0.999980055907764
"Plebeia phrynostoma / Tetragonisca angustula",0.943634156904577,0.322094212707941,45,1,-0.169970677337853,1
"Plebeia phrynostoma / Trigona hyalinata",0.84775174217245,0.270703513316266,45,1,-0.517248504733683,1
"Plebeia phrynostoma / Trigona spinipes",0.693882995223126,0.205432698726381,45,1,-1.23437446722918,0.999968496592986
"Scaptotrigona bipunctata / Scaptotrigona depilis",1.25155547707375,0.337734497656561,45,1,0.831519966854839,0.999999992441588
"Scaptotrigona bipunctata / Scaptotrigona polysticta",0.812413283136094,0.154470416130597,45,1,-1.09260850402098,0.99999708755105
"Scaptotrigona bipunctata / Scaptotrigona xanthotricha",0.864636523603571,0.164311447393052,45,1,-0.765363469145619,0.999999998919932
"Scaptotrigona bipunctata / Schwarziana quadrifasciata",1.4696699150467,0.312218050835085,45,1,1.81244649512256,0.987165044382022
"Scaptotrigona bipunctata / Tetragona clavipes",1.14246603123693,0.220831354015248,45,1,0.689050864932082,0.999999999914777
"Scaptotrigona bipunctata / Tetragonisca angustula",1.58360202615349,0.322798439059058,45,1,2.25523099066502,0.879864400698508
"Scaptotrigona bipunctata / Trigona hyalinata",1.42269264709883,0.302382131350913,45,1,1.65873608035039,0.995986973742165
"Scaptotrigona bipunctata / Trigona spinipes",1.16447090125831,0.22170097954828,45,1,0.799772214027441,0.999999996947574
"Scaptotrigona depilis / Scaptotrigona polysticta",0.649122869915115,0.175688163758699,45,1,-1.59662196250673,0.997671703446317
"Scaptotrigona depilis / Scaptotrigona xanthotricha",0.690849538388158,0.186719340184638,45,1,-1.36835911905502,0.999799894569083
"Scaptotrigona depilis / Schwarziana quadrifasciata",1.17427468615528,0.336313282175001,45,1,0.560929417507756,1
"Scaptotrigona depilis / Tetragona clavipes",0.91283690748421,0.251438531501882,45,1,-0.33109063911396,1
"Scaptotrigona depilis / Tetragonisca angustula",1.26530709597955,0.362278800659743,45,1,0.821868563578248,0.999999994233605
"Scaptotrigona depilis / Trigona hyalinata",1.1367395797949,0.32604541074484,45,1,0.446837323341631,1
"Scaptotrigona depilis / Trigona spinipes",0.930418924761484,0.250270659006659,45,1,-0.268118233123517,1
"Scaptotrigona polysticta / Scaptotrigona xanthotricha",1.06428161817577,0.202232392939093,45,1,0.327864298641529,1
"Scaptotrigona polysticta / Schwarziana quadrifasciata",1.8090175844657,0.384333211523342,45,1,2.79017403497314,0.549856540699512
"Scaptotrigona polysticta / Tetragona clavipes",1.40626212661954,0.270073238483861,45,1,1.77523799313751,0.990095581176369
"Scaptotrigona polysticta / Tetragonisca angustula",1.94925668871444,0.392256310197985,45,1,3.31677953417369,0.231269827549998
"Scaptotrigona polysticta / Trigona hyalinata",1.751193237027,0.371977815795313,45,1,2.63776221387541,0.656689545246771
"Scaptotrigona polysticta / Trigona spinipes",1.43334793439515,0.273801520512202,45,1,1.88466366209869,0.979538268233196
"Scaptotrigona xanthotricha / Schwarziana quadrifasciata",1.69975460777613,0.361054108987497,45,1,2.49738866779745,0.749660872403064
"Scaptotrigona xanthotricha / Tetragona clavipes",1.32132520434765,0.254439115491033,45,1,1.44697752043098,0.999490783289158
"Scaptotrigona xanthotricha / Tetragonisca angustula",1.83152340078518,0.37061300496849,45,1,2.99056658723624,0.413292573233523
"Scaptotrigona xanthotricha / Trigona hyalinata",1.64542279704936,0.349549719317916,45,1,2.34420507669268,0.837624137299951
"Scaptotrigona xanthotricha / Trigona spinipes",1.34677505456872,0.256838162698511,45,1,1.56110869293552,0.998330901367306
"Schwarziana quadrifasciata / Tetragona clavipes",0.777362331187558,0.167008954564673,45,1,-1.17225873280748,0.999988219658992
"Schwarziana quadrifasciata / Tetragonisca angustula",1.07752224492067,0.241144887993764,45,1,0.333626492509336,1
"Schwarziana quadrifasciata / Trigona hyalinata",0.968035497313431,0.225283132377035,45,1,-0.139593700428489,1
"Schwarziana quadrifasciata / Trigona spinipes",0.792334992596824,0.168762647714509,45,1,-1.09285209688005,0.999997074339089
"Tetragona clavipes / Tetragonisca angustula",1.38612613666855,0.268635854287154,45,1,1.68476420187545,0.99502625984715
"Tetragona clavipes / Trigona hyalinata",1.24528223001825,0.266837354546053,45,1,1.02372414777117,0.999999243223354
"Tetragona clavipes / Trigona spinipes",1.01926085276912,0.19971034807933,45,1,0.0973668296053401,1
"Tetragonisca angustula / Trigona hyalinata",0.898390267000664,0.199955757546241,45,1,-0.4814222682897,1
"Tetragonisca angustula / Trigona spinipes",0.735330519932942,0.153403053005231,45,1,-1.47367654372843,0.999316247214154
"Trigona hyalinata / Trigona spinipes",0.818497869960115,0.174606590731558,45,1,-0.938867331976423,0.999999882714957
